1,0,0,-51,-11,-94,-46,-118,-79,-143,-100,-66,-123,-84,-173,-90,-201,-92,-225,-36,-133,-50,-188,-55,-220,-57,-245,-6,-131,-15,-185,-21,-215,-26,-242,24,-122,22,-162,18,-186,15,-210
1,0,0,-53,-12,-96,-47,-120,-80,-145,-102,-64,-125,-82,-173,-89,-201,-92,-225,-34,-135,-47,-190,-53,-222,-57,-248,-5,-134,-13,-187,-18,-217,-23,-241,25,-123,24,-162,22,-186,20,-208
1,0,0,-52,-12,-94,-49,-120,-81,-144,-103,-62,-127,-78,-175,-85,-203,-88,-227,-32,-137,-44,-192,-49,-224,-52,-250,-2,-134,-9,-187,-14,-217,-19,-242,28,-122,28,-161,26,-185,23,-206
1,0,0,-52,-13,-95,-50,-119,-83,-144,-105,-60,-127,-75,-175,-81,-204,-84,-228,-29,-136,-40,-191,-45,-225,-47,-251,0,-132,-5,-186,-9,-216,-14,-241,30,-120,31,-159,30,-183,27,-205
1,0,0,-51,-14,-92,-53,-114,-87,-137,-108,-55,-127,-69,-176,-74,-205,-76,-230,-23,-135,-32,-191,-36,-224,-37,-250,6,-131,3,-185,0,-216,-3,-241,35,-117,38,-155,38,-180,37,-203
1,0,0,-51,-18,-88,-61,-107,-98,-129,-124,-44,-132,-52,-183,-54,-213,-54,-239,-11,-136,-14,-194,-14,-227,-13,-254,18,-129,20,-183,21,-213,21,-240,46,-112,53,-151,56,-175,59,-199
1,0,0,-50,-20,-86,-63,-105,-100,-125,-128,-39,-134,-45,-185,-46,-215,-44,-240,-6,-137,-6,-194,-5,-227,-2,-254,22,-128,28,-182,30,-213,31,-240,50,-110,59,-148,64,-172,68,-196
1,0,0,-51,-16,-91,-55,-113,-91,-138,-116,-49,-129,-60,-179,-63,-208,-64,-232,-16,-134,-21,-190,-22,-222,-21,-248,13,-128,13,-180,12,-212,11,-240,42,-112,47,-151,49,-176,51,-200
1,0,0,-52,-13,-94,-49,-121,-83,-148,-105,-58,-125,-72,-174,-78,-203,-79,-228,-26,-133,-34,-188,-38,-220,-39,-246,4,-128,0,-180,-3,-212,-6,-240,33,-115,36,-153,37,-178,37,-203
1,0,0,-53,-10,-97,-44,-126,-74,-154,-94,-67,-121,-85,-168,-92,-197,-96,-222,-35,-131,-47,-185,-53,-218,-55,-245,-5,-128,-11,-181,-15,-212,-19,-238,25,-116,26,-155,25,-181,23,-204
1,0,0,-54,-7,-101,-37,-132,-65,-160,-83,-75,-118,-97,-164,-106,-192,-112,-216,-45,-129,-61,-183,-69,-216,-74,-243,-15,-129,-24,-182,-32,-212,-38,-239,17,-119,15,-159,11,-184,7,-207
1,0,0,-54,-8,-101,-38,-132,-65,-161,-83,-76,-118,-97,-165,-106,-193,-112,-217,-45,-130,-60,-184,-69,-217,-75,-243,-14,-129,-24,-183,-32,-213,-39,-240,18,-119,16,-159,12,-184,8,-208
1,0,0,-55,-9,-101,-39,-131,-68,-158,-87,-74,-119,-94,-165,-103,-194,-109,-219,-43,-130,-57,-184,-65,-217,-70,-244,-12,-129,-20,-183,-27,-214,-33,-241,19,-118,19,-158,16,-183,12,-207
1,0,0,-54,-9,-99,-41,-129,-70,-157,-88,-71,-120,-91,-166,-99,-195,-104,-220,-40,-130,-53,-185,-61,-218,-65,-245,-9,-128,-17,-182,-23,-213,-29,-240,22,-117,22,-157,20,-182,17,-206
1,0,0,-53,-10,-99,-42,-129,-72,-158,-91,-69,-120,-88,-167,-96,-196,-101,-221,-38,-130,-51,-185,-58,-219,-62,-246,-7,-128,-14,-182,-20,-213,-26,-240,24,-116,24,-156,22,-182,20,-206
1,0,0,-53,-10,-97,-44,-125,-73,-153,-93,-65,-122,-83,-169,-90,-198,-94,-223,-34,-131,-45,-186,-51,-219,-55,-246,-4,-128,-9,-182,-14,-213,-19,-240,27,-115,28,-155,27,-180,26,-204
1,0,0,-52,-19,-89,-58,-112,-91,-136,-115,-44,-130,-53,-180,-55,-209,-55,-235,-12,-134,-13,-190,-14,-223,-14,-250,18,-127,22,-180,22,-211,22,-239,46,-109,55,-147,59,-172,63,-196
1,0,0,-49,-22,-83,-64,-104,-100,-127,-124,-30,-131,-33,-181,-32,-211,-29,-237,3,-133,8,-189,12,-222,16,-249,32,-123,42,-176,46,-207,49,-235,57,-103,70,-140,77,-164,83,-188
1,0,0,-47,-24,-81,-67,-101,-103,-123,-128,-24,-131,-25,-181,-21,-211,-16,-236,9,-131,17,-186,23,-218,29,-245,37,-120,50,-171,56,-202,61,-230,62,-99,76,-134,84,-158,91,-181
1,0,0,-48,-21,-87,-58,-114,-89,-141,-109,-33,-130,-38,-180,-36,-209,-32,-234,-1,-131,4,-186,8,-218,13,-244,28,-121,37,-173,42,-202,47,-229,53,-102,65,-139,71,-163,78,-186
1,0,0,-50,-8,-100,-35,-136,-56,-167,-70,-66,-118,-85,-165,-92,-193,-96,-217,-36,-127,-47,-182,-53,-214,-57,-240,-6,-124,-10,-177,-15,-208,-19,-235,24,-112,26,-152,25,-177,23,-201
1,0,0,-51,-3,-103,-24,-141,-40,-173,-49,-83,-111,-108,-155,-120,-180,-129,-203,-54,-124,-73,-175,-83,-206,-90,-231,-24,-124,-36,-175,-45,-205,-53,-231,8,-115,4,-155,0,-181,-5,-205
1,0,0,-51,2,-106,-14,-145,-26,-177,-29,-96,-101,-127,-142,-142,-167,-153,-188,-70,-118,-96,-167,-111,-195,-122,-218,-40,-123,-59,-172,-72,-200,-84,-223,-8,-120,-16,-157,-23,-181,-30,-203
1,0,0,-51,3,-105,-12,-145,-22,-178,-24,-97,-99,-128,-139,-144,-164,-156,-185,-71,-117,-98,-166,-113,-195,-125,-217,-41,-123,-61,-172,-75,-200,-87,-223,-9,-120,-17,-158,-24,-181,-31,-203
1,0,0,-52,1,-106,-16,-145,-28,-177,-32,-94,-103,-124,-145,-138,-171,-149,-192,-67,-120,-92,-170,-106,-200,-116,-224,-37,-125,-55,-175,-68,-204,-79,-227,-5,-121,-11,-160,-17,-184,-23,-206
1,0,0,-52,-10,-99,-36,-135,-57,-167,-66,-69,-119,-88,-166,-97,-195,-104,-219,-37,-129,-51,-184,-59,-216,-65,-242,-7,-128,-14,-180,-19,-212,-24,-239,23,-116,26,-155,26,-181,25,-205
1,0,0,-51,-16,-94,-49,-125,-75,-154,-91,-48,-126,-57,-175,-61,-206,-62,-231,-15,-131,-18,-187,-19,-220,-19,-246,15,-124,17,-177,18,-207,18,-235,43,-109,52,-146,57,-170,60,-194
1,0,0,-48,-18,-87,-54,-114,-84,-140,-102,-35,-127,-40,-178,-40,-208,-39,-232,-2,-130,0,-186,2,-219,4,-245,27,-122,34,-175,37,-206,40,-232,53,-104,65,-140,72,-164,78,-187
1,0,0,-48,-23,-85,-62,-111,-92,-136,-113,-28,-131,-30,-181,-29,-211,-25,-236,5,-132,11,-187,15,-220,20,-246,33,-121,45,-174,50,-204,55,-231,59,-101,75,-136,83,-159,91,-182
1,0,0,-47,-19,-86,-55,-116,-83,-143,-100,-35,-129,-41,-179,-41,-209,-39,-234,-3,-131,0,-187,2,-220,5,-246,27,-122,35,-175,38,-206,41,-233,53,-103,67,-139,74,-163,81,-186
1,0,0,-51,-10,-99,-40,-138,-60,-171,-67,-64,-122,-81,-169,-87,-198,-91,-222,-34,-131,-43,-185,-48,-217,-50,-243,-3,-127,-7,-180,-10,-211,-13,-238,27,-113,31,-152,33,-178,33,-202
1,0,0,-52,-5,-104,-28,-143,-45,-175,-54,-76,-115,-99,-162,-109,-190,-116,-214,-47,-127,-64,-182,-73,-213,-79,-238,-17,-128,-27,-181,-35,-211,-42,-237,14,-118,14,-157,11,-182,8,-206
1,0,0,-51,0,-105,-18,-145,-32,-177,-36,-87,-109,-115,-152,-128,-179,-136,-202,-60,-124,-82,-176,-93,-206,-102,-230,-29,-127,-44,-179,-55,-207,-64,-232,3,-120,-1,-159,-7,-185,-13,-208
1,0,0,-52,10,-108,2,-150,-3,-183,-3,-113,-89,-148,-126,-165,-149,-179,-169,-88,-108,-121,-154,-139,-181,-152,-202,-58,-117,-85,-163,-102,-189,-117,-212,-24,-117,-37,-156,-46,-179,-57,-202
1,0,0,-49,21,-107,24,-147,28,-176,34,-132,-60,-174,-86,-198,-103,-217,-119,-114,-85,-158,-120,-182,-143,-201,-163,-88,-101,-126,-139,-149,-159,-169,-176,-55,-109,-78,-143,-95,-162,-111,-178
1,0,0,-45,29,-100,39,-141,42,-170,50,-142,-34,-188,-53,-212,-66,-232,-79,-130,-60,-179,-82,-205,-96,-226,-108,-110,-80,-157,-104,-185,-117,-209,-128,-80,-97,-113,-119,-136,-131,-156,-142
1,0,0,-31,44,-76,73,-111,91,-135,111,-143,18,-192,19,-220,16,-244,11,-142,-13,-197,-19,-227,-24,-252,-30,-130,-41,-181,-49,-210,-53,-235,-56,-108,-66,-148,-78,-172,-83,-194,-89
1,0,0,-24,46,-64,80,-98,97,-121,115,-136,40,-186,48,-214,51,-238,50,-140,11,-196,16,-228,18,-254,16,-133,-18,-186,-16,-217,-15,-242,-16,-117,-46,-157,-47,-180,-46,-201,-47
1,0,0,-22,50,-61,86,-97,103,-123,122,-135,51,-186,58,-215,60,-239,59,-139,22,-195,30,-227,33,-254,34,-134,-6,-188,-1,-219,1,-244,1,-121,-35,-166,-31,-191,-27,-215,-24
1,0,0,-21,50,-61,84,-101,95,-132,107,-130,56,-180,65,-208,66,-232,66,-137,28,-191,38,-222,42,-249,44,-133,1,-186,11,-216,16,-242,19,-122,-27,-166,-17,-191,-10,-213,-3
1,0,0,-19,51,-58,85,-97,97,-129,107,-129,57,-179,66,-207,68,-231,67,-135,29,-189,40,-221,43,-249,44,-132,2,-185,12,-216,16,-243,17,-121,-25,-166,-16,-191,-9,-213,-4
1,0,0,-27,50,-72,79,-111,87,-141,96,-137,42,-187,43,-216,40,-240,35,-139,14,-194,16,-225,16,-251,13,-132,-12,-184,-9,-215,-9,-242,-10,-117,-39,-159,-35,-183,-31,-205,-28
1,0,0,-51,25,-105,25,-143,12,-175,6,-138,-42,-182,-66,-205,-84,-224,-101,-124,-64,-173,-90,-200,-107,-222,-122,-104,-80,-151,-105,-178,-119,-201,-133,-77,-94,-113,-113,-137,-124,-158,-133
1,0,0,-49,-11,-85,-42,-102,-74,-111,-103,-69,-115,-80,-161,-84,-190,-85,-215,-43,-122,-55,-173,-61,-204,-65,-232,-16,-119,-28,-167,-36,-196,-42,-223,12,-108,3,-144,-5,-167,-14,-190
1,0,0,-44,-24,-71,-63,-79,-98,-76,-129,-33,-130,-32,-176,-27,-202,-20,-225,-5,-129,-3,-181,0,-211,4,-238,20,-119,22,-168,22,-197,23,-223,45,-102,47,-139,46,-162,44,-186
1,0,0,-40,-36,-54,-80,-49,-116,-45,-146,7,-129,23,-173,36,-196,50,-216,34,-122,54,-170,67,-197,80,-220,55,-107,74,-151,85,-179,95,-203,73,-84,88,-118,95,-140,102,-162
1,0,0,-34,-43,-41,-89,-30,-123,-17,-147,28,-127,51,-166,68,-186,84,-204,54,-115,80,-158,97,-183,113,-204,71,-98,97,-137,112,-161,127,-183,85,-73,106,-103,117,-122,127,-142
1,0,0,-22,-48,-15,-95,2,-127,15,-154,63,-114,98,-148,120,-163,142,-176,86,-96,126,-131,150,-151,172,-167,99,-73,137,-106,159,-127,179,-145,107,-44,136,-69,153,-86,168,-102
1,0,0,-21,-52,-12,-100,7,-132,16,-160,69,-112,106,-141,130,-155,153,-166,91,-93,132,-125,159,-143,182,-157,102,-70,142,-100,165,-119,187,-136,107,-41,137,-64,155,-81,172,-97
1,0,0,-10,-54,8,-102,29,-132,42,-159,90,-100,132,-122,159,-133,184,-141,109,-77,156,-102,186,-115,213,-126,116,-52,161,-75,188,-90,213,-103,116,-22,150,-40,171,-54,191,-67
1,0,0,-13,-53,2,-102,23,-134,37,-162,85,-104,127,-128,153,-140,178,-149,104,-82,152,-109,181,-123,207,-134,112,-57,157,-83,184,-99,208,-113,114,-28,149,-47,170,-62,189,-76
1,0,0,-26,-47,-24,-99,-10,-136,-5,-167,55,-121,89,-155,111,-173,132,-187,79,-104,117,-142,141,-164,163,-182,94,-82,130,-117,151,-140,171,-160,103,-53,130,-80,146,-99,161,-117
1,0,0,-34,-41,-42,-92,-36,-132,-37,-164,32,-128,58,-168,76,-188,94,-206,58,-116,88,-160,107,-185,125,-206,75,-97,104,-138,121,-163,136,-185,89,-70,111,-101,123,-122,134,-142
1,0,0,-44,-29,-66,-74,-73,-113,-85,-144,-5,-129,8,-174,20,-199,33,-221,24,-125,40,-175,52,-204,63,-227,45,-112,61,-159,69,-187,77,-213,65,-90,77,-126,82,-149,86,-172
1,0,0,-47,-22,-76,-62,-89,-100,-106,-129,-24,-125,-18,-171,-11,-197,-2,-219,4,-125,11,-177,18,-207,25,-232,27,-115,35,-163,39,-192,43,-217,49,-97,57,-133,59,-156,61,-179
1,0,0,-46,-15,-79,-49,-97,-81,-118,-104,-40,-115,-41,-159,-38,-184,-33,-206,-13,-118,-14,-167,-12,-196,-10,-221,10,-112,11,-158,10,-184,11,-209,34,-97,35,-132,34,-154,33,-176
1,0,0,-45,-13,-75,-42,-92,-68,-113,-91,-41,-104,-45,-144,-44,-167,-41,-188,-17,-106,-21,-152,-20,-180,-19,-202,4,-101,2,-144,0,-169,-1,-192,27,-92,25,-124,22,-143,19,-163
1,0,0,-41,-11,-71,-40,-88,-66,-107,-86,-40,-99,-44,-138,-44,-160,-42,-180,-18,-104,-22,-147,-23,-173,-22,-194,2,-100,-1,-141,-4,-165,-6,-186,24,-91,21,-122,18,-141,14,-159
1,0,0,-39,-10,-67,-35,-82,-59,-100,-78,-39,-91,-44,-125,-45,-145,-43,-163,-19,-96,-24,-134,-26,-157,-26,-176,-1,-93,-5,-130,-8,-151,-10,-169,19,-85,16,-113,12,-129,9,-146
1,0,0,-38,-10,-65,-33,-80,-57,-96,-75,-37,-86,-42,-119,-43,-138,-42,-155,-18,-90,-23,-128,-25,-149,-26,-167,-1,-88,-5,-124,-8,-143,-10,-161,18,-81,16,-108,13,-123,11,-138
1,0,0,-37,-8,-63,-31,-78,-54,-95,-72,-38,-84,-43,-117,-43,-136,-42,-152,-18,-88,-23,-125,-25,-146,-25,-163,-1,-86,-5,-121,-8,-140,-10,-158,18,-80,14,-106,11,-121,8,-136
1,0,0,-37,-8,-63,-31,-78,-54,-95,-70,-38,-83,-44,-115,-46,-134,-46,-151,-19,-89,-25,-124,-28,-145,-29,-162,-2,-87,-7,-121,-11,-141,-13,-157,16,-81,13,-106,9,-121,6,-135
1,0,0,-36,-8,-63,-30,-79,-53,-96,-68,-41,-84,-48,-117,-49,-135,-49,-151,-22,-90,-29,-126,-32,-148,-33,-164,-5,-89,-11,-123,-15,-143,-18,-160,14,-83,10,-109,6,-124,3,-139
1,0,0,-38,-1,-70,-19,-90,-40,-110,-55,-55,-79,-67,-111,-72,-130,-74,-147,-37,-88,-50,-124,-57,-146,-60,-164,-18,-89,-30,-124,-37,-144,-43,-163,2,-86,-6,-111,-12,-126,-18,-141
1,0,0,-40,-1,-73,-21,-94,-42,-114,-54,-60,-81,-72,-114,-77,-133,-79,-150,-40,-90,-54,-127,-60,-150,-64,-168,-21,-92,-34,-127,-41,-147,-47,-164,0,-88,-10,-115,-17,-130,-23,-146
1,0,0,-40,-1,-73,-22,-94,-43,-115,-56,-59,-82,-72,-115,-77,-135,-80,-152,-39,-91,-53,-128,-60,-151,-64,-169,-20,-92,-32,-129,-40,-149,-46,-166,1,-89,-8,-116,-14,-132,-21,-147
1,0,0,-39,-6,-70,-26,-90,-49,-110,-66,-51,-87,-61,-122,-64,-142,-65,-161,-31,-95,-41,-134,-47,-158,-50,-177,-11,-96,-21,-133,-27,-154,-31,-172,10,-91,4,-119,-2,-136,-8,-151
1,0,0,-39,-8,-67,-32,-84,-56,-105,-73,-43,-89,-51,-124,-53,-146,-53,-164,-23,-94,-30,-134,-33,-158,-34,-177,-3,-93,-10,-131,-14,-153,-17,-172,17,-88,13,-117,10,-133,6,-149
1,0,0,-40,-11,-65,-34,-80,-58,-100,-78,-38,-91,-43,-127,-42,-149,-40,-167,-17,-95,-21,-135,-22,-161,-22,-180,3,-93,0,-131,-2,-154,-4,-173,23,-88,22,-116,19,-134,15,-151
1,0,0,-40,-12,-64,-36,-79,-62,-98,-83,-35,-94,-39,-131,-39,-153,-36,-171,-14,-98,-17,-139,-18,-164,-17,-183,5,-95,3,-134,2,-156,1,-176,26,-88,25,-117,22,-135,19,-151
1,0,0,-39,-12,-66,-37,-80,-61,-99,-83,-37,-94,-41,-130,-40,-153,-37,-172,-15,-97,-18,-139,-19,-165,-17,-185,4,-95,2,-134,1,-157,0,-177,25,-89,24,-117,21,-134,19,-151
1,0,0,-42,-10,-71,-34,-88,-57,-108,-76,-44,-93,-50,-129,-50,-152,-47,-171,-22,-97,-28,-139,-29,-166,-29,-186,-1,-96,-6,-135,-9,-159,-12,-180,21,-90,18,-120,14,-138,11,-156
1,0,0,-41,-8,-72,-32,-91,-57,-112,-75,-48,-93,-56,-130,-57,-153,-55,-172,-26,-100,-34,-142,-36,-168,-37,-189,-5,-99,-12,-138,-16,-161,-19,-182,17,-92,13,-122,8,-140,4,-158
1,0,0,-43,-3,-78,-25,-100,-49,-122,-64,-58,-91,-69,-129,-72,-151,-73,-170,-37,-99,-48,-142,-54,-167,-58,-187,-16,-99,-25,-140,-32,-163,-37,-183,8,-93,2,-124,-5,-143,-11,-161
1,0,0,-42,-4,-78,-27,-100,-50,-120,-67,-60,-91,-72,-130,-75,-153,-76,-173,-39,-100,-51,-143,-56,-169,-59,-191,-17,-100,-29,-141,-36,-166,-42,-187,7,-94,-2,-126,-9,-145,-15,-163
1,0,0,-45,-5,-80,-28,-102,-50,-125,-69,-60,-94,-72,-132,-77,-155,-79,-175,-37,-102,-51,-145,-57,-172,-62,-194,-15,-102,-28,-144,-35,-167,-41,-189,9,-97,1,-128,-6,-147,-13,-165
1,0,0,46,-6,87,-30,116,-52,140,-63,70,-97,90,-132,100,-154,108,-172,48,-107,65,-149,76,-175,84,-195,24,-109,39,-150,49,-174,59,-192,-3,-105,3,-138,7,-158,13,-176
1,0,0,45,-5,86,-31,115,-54,138,-65,71,-96,90,-132,100,-153,108,-172,48,-107,66,-148,76,-174,85,-194,24,-109,39,-149,51,-173,61,-192,-3,-105,3,-137,8,-158,14,-177
1,0,0,44,-7,80,-35,104,-62,128,-78,67,-100,83,-138,90,-161,95,-180,45,-109,62,-152,73,-178,81,-198,23,-111,38,-153,49,-176,58,-196,-3,-106,6,-139,13,-158,20,-177
1,0,0,45,-8,78,-38,98,-71,117,-92,63,-101,77,-141,84,-164,88,-184,41,-111,56,-154,66,-180,74,-201,18,-111,32,-153,43,-177,52,-197,-7,-105,4,-139,12,-158,19,-175
1,0,0,47,-13,76,-46,88,-82,100,-110,63,-106,76,-145,82,-169,87,-190,40,-114,55,-158,64,-186,72,-208,16,-114,31,-156,40,-181,49,-201,-10,-107,0,-141,8,-161,16,-180
1,0,0,45,-14,73,-48,82,-84,88,-113,59,-107,73,-147,79,-172,82,-193,36,-115,51,-160,60,-188,67,-211,13,-115,27,-158,36,-184,45,-205,-12,-108,-3,-142,3,-163,10,-182
1,0,0,45,-14,75,-48,81,-85,87,-115,58,-110,72,-151,78,-177,81,-200,35,-118,49,-163,58,-194,65,-218,11,-117,24,-162,32,-188,40,-210,-16,-110,-6,-144,0,-166,7,-186
1,0,0,47,-15,78,-51,87,-90,93,-121,65,-113,81,-155,87,-182,91,-206,40,-123,56,-171,66,-201,73,-226,14,-124,28,-169,39,-197,50,-219,-14,-117,-5,-153,3,-175,12,-195
1,0,0,51,-13,86,-50,94,-91,103,-122,71,-119,88,-164,97,-191,102,-216,44,-129,62,-180,72,-212,81,-237,18,-130,33,-179,43,-209,53,-233,-12,-122,-3,-161,6,-185,15,-206
1,0,0,52,-12,89,-50,99,-92,109,-123,73,-121,92,-166,100,-194,105,-218,47,-131,66,-183,76,-215,84,-241,21,-132,37,-182,47,-212,57,-236,-9,-125,1,-165,9,-189,19,-211
1,0,0,53,-13,88,-50,100,-90,110,-122,75,-117,93,-162,100,-190,105,-214,48,-128,68,-179,79,-211,88,-237,21,-130,38,-179,50,-209,61,-233,-9,-123,2,-162,11,-186,21,-209
1,0,0,52,-12,87,-48,98,-87,112,-116,74,-113,93,-156,100,-183,105,-206,49,-124,68,-173,80,-204,88,-229,22,-126,40,-173,52,-202,63,-225,-7,-120,3,-158,13,-181,23,-203
1,0,0,49,-11,83,-46,95,-83,108,-111,72,-108,90,-149,97,-174,103,-195,47,-118,66,-166,77,-194,85,-217,23,-121,40,-166,51,-192,62,-214,-5,-116,6,-152,15,-174,24,-193
1,0,0,47,-11,79,-43,91,-80,103,-108,68,-103,85,-143,93,-166,98,-186,45,-113,63,-158,73,-185,82,-207,21,-115,38,-158,49,-184,59,-205,-6,-110,5,-144,13,-165,23,-185
1,0,0,47,-11,79,-43,91,-78,100,-105,68,-101,84,-140,91,-162,95,-180,45,-111,62,-155,72,-181,79,-201,21,-113,37,-155,47,-179,57,-198,-5,-108,4,-142,13,-162,22,-180
1,0,0,45,-13,74,-42,85,-75,95,-102,65,-96,81,-132,87,-153,91,-170,43,-105,60,-145,69,-170,76,-190,21,-106,36,-145,46,-167,55,-184,-4,-101,5,-132,13,-150,22,-167
1,0,0,44,-11,72,-40,83,-72,94,-97,61,-90,77,-126,83,-147,88,-165,40,-99,57,-138,66,-163,72,-182,19,-101,34,-138,44,-160,52,-177,-5,-97,5,-126,12,-144,20,-160
1,0,0,43,-7,74,-33,86,-63,98,-87,66,-85,85,-118,93,-138,99,-155,48,-95,68,-131,78,-154,86,-172,28,-98,46,-133,56,-154,66,-171,5,-96,18,-124,28,-141,38,-155
1,0,0,41,-7,73,-31,85,-62,96,-85,66,-84,83,-117,90,-137,95,-154,46,-93,65,-130,75,-153,83,-171,26,-96,42,-131,53,-152,63,-168,2,-93,14,-121,24,-138,33,-153
1,0,0,44,-5,74,-33,85,-65,99,-85,64,-86,81,-118,88,-139,92,-157,44,-96,62,-133,72,-157,80,-175,24,-99,40,-135,50,-156,59,-172,0,-97,11,-125,19,-142,28,-157
1,0,0,43,-6,73,-33,86,-63,101,-83,64,-84,81,-117,88,-137,93,-154,45,-94,63,-132,73,-155,80,-172,24,-98,40,-135,51,-155,59,-171,1,-97,13,-126,21,-142,29,-157
1,0,0,43,-1,76,-27,89,-59,105,-79,70,-83,88,-117,97,-138,103,-155,50,-95,70,-133,81,-156,90,-173,29,-99,47,-136,58,-158,68,-175,4,-98,17,-128,26,-145,36,-160
1,0,0,44,2,79,-26,94,-59,109,-78,75,-83,94,-117,104,-137,110,-154,55,-95,76,-134,88,-157,98,-175,34,-100,53,-138,65,-159,75,-176,9,-99,22,-129,32,-147,43,-162
1,0,0,46,1,81,-27,96,-59,111,-79,75,-85,95,-119,105,-140,112,-158,56,-97,78,-136,91,-159,101,-178,35,-102,54,-140,67,-161,78,-179,10,-101,24,-132,34,-149,45,-165
1,0,0,45,-2,78,-30,94,-62,110,-83,75,-86,95,-121,104,-143,111,-161,55,-99,77,-138,90,-163,100,-181,33,-104,54,-142,67,-164,78,-182,9,-103,23,-133,34,-151,44,-168
1,0,0,45,-2,78,-28,95,-61,110,-84,75,-86,94,-122,103,-143,110,-161,55,-98,76,-138,89,-163,99,-181,33,-103,52,-142,65,-164,77,-182,7,-102,21,-132,30,-150,41,-167
1,0,0,46,-5,79,-33,95,-66,108,-89,73,-89,92,-126,101,-148,107,-167,53,-100,73,-140,85,-166,95,-186,31,-103,50,-142,62,-165,72,-183,6,-102,19,-132,28,-150,37,-166
1,0,0,47,-8,78,-35,94,-67,110,-93,72,-91,91,-127,99,-149,105,-169,52,-101,71,-141,82,-168,92,-189,29,-104,48,-142,60,-166,70,-185,4,-102,18,-132,28,-151,38,-168
1,0,0,44,-8,76,-35,92,-67,107,-94,72,-92,90,-128,99,-151,104,-170,52,-103,71,-144,82,-169,90,-190,30,-106,48,-144,60,-167,69,-186,5,-103,17,-133,27,-152,37,-168
1,0,0,43,-8,74,-35,90,-67,106,-93,71,-93,89,-130,97,-152,103,-172,51,-103,70,-144,81,-170,91,-191,30,-105,47,-144,58,-167,68,-185,6,-101,19,-133,28,-151,37,-168
1,0,0,42,-10,72,-36,85,-69,98,-97,66,-96,81,-134,88,-157,94,-178,46,-105,62,-146,71,-173,80,-195,25,-106,40,-145,50,-169,59,-188,1,-102,13,-132,20,-151,28,-169
1,0,0,41,-9,74,-35,87,-68,100,-95,64,-96,81,-134,89,-157,95,-178,45,-105,61,-147,71,-174,79,-196,24,-107,39,-146,48,-170,57,-189,2,-102,12,-133,19,-152,27,-169
1,0,0,45,-8,77,-38,90,-72,105,-97,68,-98,85,-136,92,-160,96,-182,47,-109,64,-151,74,-179,81,-201,25,-111,40,-152,50,-176,59,-195,0,-107,10,-139,18,-158,26,-175
1,0,0,45,-10,78,-42,90,-77,105,-103,66,-105,81,-145,88,-169,92,-189,42,-115,58,-161,68,-188,77,-208,18,-116,32,-160,43,-185,53,-204,-9,-110,1,-145,9,-165,18,-182
1,0,0,47,-9,81,-41,93,-76,106,-100,67,-104,84,-143,92,-167,97,-188,44,-115,62,-160,73,-187,83,-208,21,-117,37,-160,48,-184,59,-203,-6,-111,4,-147,13,-167,22,-185
1,0,0,50,-4,85,-37,99,-72,115,-95,74,-101,93,-140,102,-164,107,-186,52,-112,73,-157,85,-184,94,-206,28,-116,46,-158,59,-183,70,-204,2,-112,13,-146,22,-166,32,-185
1,0,0,51,-2,89,-33,108,-64,126,-85,84,-98,106,-135,117,-159,125,-180,62,-111,87,-155,102,-182,114,-205,39,-116,61,-158,77,-182,91,-203,12,-114,26,-147,38,-168,50,-187
1,0,0,51,-3,89,-38,107,-74,126,-96,83,-103,105,-144,117,-168,126,-189,61,-116,85,-163,99,-192,110,-216,37,-120,58,-165,72,-190,85,-212,8,-117,22,-152,33,-172,43,-191
1,0,0,50,-7,89,-41,108,-79,128,-105,82,-109,103,-153,114,-179,123,-203,58,-122,81,-172,95,-202,106,-228,33,-126,53,-173,67,-199,80,-222,2,-121,15,-158,26,-180,38,-200
1,0,0,52,-10,90,-44,106,-84,126,-112,81,-114,100,-159,109,-187,115,-211,56,-127,76,-177,89,-209,99,-236,30,-130,48,-177,61,-206,72,-230,0,-124,13,-163,23,-187,33,-209
1,0,0,54,-8,95,-42,113,-82,133,-112,89,-116,110,-162,119,-191,127,-217,63,-131,86,-182,99,-215,111,-243,36,-135,56,-184,70,-213,83,-239,4,-130,17,-169,28,-193,40,-215
1,0,0,56,0,103,-29,127,-69,149,-98,107,-110,136,-155,151,-185,163,-213,83,-128,113,-180,131,-213,147,-242,56,-136,83,-185,100,-215,117,-240,23,-135,42,-175,55,-198,69,-219
1,0,0,55,-5,97,-37,118,-79,143,-110,98,-121,127,-169,143,-201,157,-231,74,-139,103,-194,123,-232,140,-263,48,-145,73,-199,92,-231,110,-257,16,-143,32,-185,45,-211,61,-234
1,0,0,57,-3,96,-35,115,-76,140,-117,96,-121,122,-177,135,-215,146,-249,71,-140,96,-203,113,-247,128,-283,44,-149,64,-208,81,-246,95,-276,16,-150,27,-194,35,-224,46,-248
1,0,0,58,-11,104,-47,123,-89,144,-119,100,-128,124,-178,133,-206,140,-230,71,-144,97,-201,111,-234,123,-260,41,-148,65,-202,79,-232,91,-256,7,-143,24,-186,37,-211,49,-233
1,0,0,58,-9,102,-43,122,-82,142,-107,97,-113,122,-157,134,-182,142,-204,73,-128,99,-179,113,-208,124,-229,46,-133,69,-181,84,-208,97,-228,15,-129,30,-169,41,-190,52,-209
1,0,0,54,-5,96,-35,113,-69,133,-91,91,-100,115,-140,126,-162,135,-181,70,-113,96,-158,110,-183,122,-203,47,-119,69,-162,83,-185,96,-204,19,-117,35,-152,46,-171,59,-188
1,0,0,50,-3,88,-27,104,-58,124,-76,85,-84,108,-118,119,-138,128,-156,66,-97,91,-137,105,-159,116,-178,45,-103,66,-141,80,-161,93,-177,19,-103,34,-133,46,-150,57,-165
1,0,0,44,1,79,-20,100,-46,119,-63,83,-70,105,-100,116,-119,124,-134,66,-84,90,-118,105,-140,115,-156,46,-92,69,-124,83,-143,95,-158,23,-94,39,-121,50,-136,61,-149
1,0,0,41,10,79,-6,101,-30,122,-42,88,-57,115,-82,130,-98,140,-113,75,-73,105,-102,122,-120,135,-134,58,-83,84,-110,101,-125,115,-138,36,-88,55,-111,68,-124,81,-135
1,0,0,37,17,76,11,104,-7,127,-15,98,-35,130,-54,147,-67,161,-78,88,-54,123,-76,144,-89,160,-100,74,-67,106,-89,125,-101,141,-110,54,-76,77,-95,92,-105,106,-113
1,0,0,30,28,69,34,100,26,125,25,106,-3,142,-11,163,-16,180,-22,102,-23,143,-31,166,-37,185,-41,92,-39,131,-48,154,-53,173,-57,76,-54,104,-64,123,-68,140,-72
1,0,0,26,30,64,40,96,38,120,41,104,10,142,7,163,3,179,-1,103,-10,145,-15,169,-18,187,-22,96,-28,135,-33,158,-36,176,-37,82,-46,111,-51,130,-53,147,-54
1,0,0,24,30,60,43,91,41,116,45,102,14,140,13,161,10,178,6,102,-6,144,-8,169,-11,188,-14,95,-24,135,-26,158,-28,177,-29,82,-41,111,-45,130,-46,147,-46
1,0,0,22,29,56,44,86,43,109,47,98,18,135,20,155,18,172,16,99,-1,140,0,164,-1,183,-2,94,-19,133,-19,155,-18,173,-17,82,-37,111,-39,128,-39,145,-37
1,0,0,21,28,52,41,80,42,102,46,93,17,127,18,147,17,164,15,94,-2,134,-1,158,-2,179,-2,88,-19,125,-18,147,-18,165,-16,77,-36,105,-38,122,-37,139,-34
1,0,0,21,26,51,39,78,39,101,42,91,15,125,16,143,14,159,12,91,-4,129,-3,151,-5,170,-7,85,-20,121,-21,142,-21,159,-20,75,-37,101,-39,117,-39,133,-37
1,0,0,21,25,50,37,76,37,98,38,87,13,120,14,138,11,154,8,89,-5,124,-5,146,-7,163,-9,84,-21,117,-22,137,-23,152,-23,73,-37,98,-39,113,-40,127,-40
1,0,0,22,25,50,37,76,36,98,38,87,13,119,13,137,11,153,8,88,-5,124,-5,145,-6,163,-8,83,-21,116,-22,136,-22,152,-22,73,-36,98,-39,113,-39,128,-39
1,0,0,21,24,49,36,76,34,97,36,85,12,117,12,134,9,150,6,86,-5,121,-6,141,-8,158,-9,81,-21,114,-22,133,-23,148,-23,71,-36,96,-39,111,-39,125,-38
1,0,0,19,24,46,37,71,35,92,37,83,12,114,13,131,11,146,8,84,-5,118,-4,139,-5,155,-7,79,-20,111,-20,130,-20,145,-20,69,-35,93,-37,108,-37,122,-37
1,0,0,19,23,46,36,71,34,93,38,84,10,115,11,133,9,147,5,84,-7,119,-7,140,-9,157,-12,79,-22,112,-23,131,-23,147,-23,68,-37,93,-39,108,-40,122,-39
1,0,0,22,24,50,37,76,36,98,40,87,10,119,9,138,7,153,3,87,-8,123,-9,145,-11,162,-13,81,-23,114,-25,134,-25,151,-26,71,-38,95,-41,110,-42,125,-42
1,0,0,22,26,55,39,84,38,107,43,98,8,133,8,153,4,170,0,98,-12,137,-13,161,-16,180,-19,90,-29,126,-32,147,-33,165,-34,76,-46,103,-50,121,-51,137,-52
1,0,0,24,27,60,40,90,39,115,42,103,7,140,6,161,3,180,-2,103,-14,144,-16,170,-19,190,-22,95,-32,133,-36,156,-37,175,-37,80,-50,108,-55,127,-57,144,-57
1,0,0,26,26,63,36,95,31,123,33,107,-1,146,-5,168,-11,188,-17,106,-23,147,-29,173,-35,195,-40,96,-41,135,-48,159,-52,178,-54,80,-59,110,-66,129,-69,148,-70
1,0,0,32,25,73,30,108,19,138,18,113,-20,154,-34,177,-46,197,-56,107,-44,151,-61,179,-74,203,-85,93,-62,134,-79,159,-90,181,-98,71,-78,102,-93,122,-102,141,-109
1,0,0,39,21,82,19,114,0,145,-11,116,-42,154,-64,176,-81,195,-96,105,-66,146,-92,173,-111,196,-126,87,-82,126,-108,151,-123,172,-135,63,-94,91,-115,110,-128,129,-138
1,0,0,49,10,94,-4,122,-32,150,-50,111,-69,145,-100,163,-122,178,-140,94,-89,131,-124,154,-148,173,-167,72,-101,107,-136,129,-156,147,-172,46,-107,71,-135,87,-152,103,-166
1,0,0,51,-5,92,-33,109,-71,132,-94,85,-103,106,-146,116,-173,124,-195,61,-118,84,-165,98,-196,109,-220,35,-121,56,-168,70,-194,82,-216,4,-118,19,-154,30,-175,42,-193
1,0,0,50,-12,86,-48,99,-88,117,-117,68,-119,82,-165,88,-193,93,-217,42,-130,58,-180,67,-213,74,-240,15,-130,30,-178,40,-207,49,-231,-15,-122,-6,-160,2,-182,11,-202
1,0,0,48,-21,79,-61,87,-102,101,-134,53,-129,62,-177,64,-206,65,-232,25,-136,34,-190,37,-225,40,-254,-2,-133,5,-184,10,-214,15,-240,-31,-121,-26,-161,-21,-185,-16,-207
1,0,0,48,-27,75,-71,80,-114,90,-151,40,-142,41,-193,38,-224,35,-251,10,-146,11,-202,11,-239,10,-271,-18,-138,-17,-192,-16,-225,-14,-254,-47,-122,-47,-164,-47,-191,-45,-217
1,0,0,50,-27,74,-74,76,-120,84,-158,34,-148,33,-201,29,-233,25,-260,2,-150,1,-209,-1,-247,-2,-279,-26,-141,-28,-197,-27,-232,-27,-261,-54,-124,-57,-167,-56,-195,-54,-2212,0,0,-38,-9,-68,-42,-65,-80,-48,-106,-64,-83,-77,-106,-66,-74,-58,-67,-39,-90,-48,-113,-42,-74,-38,-73,-14,-91,-21,-108,-18,-70,-15,-69,14,-91,4,-103,3,-76,6,-73
2,0,0,-36,-9,-66,-41,-62,-79,-45,-105,-66,-84,-77,-105,-66,-74,-57,-68,-41,-90,-47,-112,-41,-73,-38,-73,-15,-91,-18,-106,-17,-69,-16,-70,12,-90,6,-100,4,-74,6,-72
2,0,0,-35,-11,-63,-43,-60,-80,-44,-108,-66,-85,-74,-105,-64,-73,-58,-67,-40,-92,-44,-112,-38,-71,-36,-72,-14,-93,-16,-105,-14,-67,-14,-69,14,-91,8,-99,7,-73,7,-71
2,0,0,-41,-17,-71,-51,-72,-84,-55,-107,-43,-102,-68,-111,-63,-79,-52,-78,-20,-105,-47,-113,-43,-74,-30,-76,2,-103,-26,-106,-23,-68,-10,-70,26,-96,-4,-98,-4,-72,8,-72
2,0,0,-41,-20,-68,-53,-72,-83,-57,-106,-36,-106,-64,-112,-61,-80,-48,-76,-13,-108,-46,-111,-43,-74,-27,-75,8,-104,-27,-102,-26,-67,-10,-69,28,-95,-8,-93,-9,-71,5,-70
2,0,0,-39,-22,-62,-55,-68,-82,-57,-103,-13,-111,-54,-112,-52,-82,-37,-77,5,-112,-43,-111,-39,-74,-20,-74,20,-106,-30,-102,-28,-68,-10,-67,29,-94,-14,-91,-14,-70,1,-67
2,0,0,-23,-35,-45,-70,-70,-91,-82,-97,5,-111,-52,-117,-53,-94,-39,-88,0,-103,-62,-104,-57,-83,-43,-79,-11,-89,-69,-90,-63,-69,-48,-65,-26,-71,-72,-70,-66,-54,-51,-49
2,0,0,1,-40,-19,-75,-52,-93,-76,-93,11,-104,-45,-113,-47,-92,-34,-85,-1,-96,-59,-100,-55,-82,-41,-76,-18,-83,-72,-87,-66,-68,-51,-63,-38,-67,-79,-68,-74,-54,-60,-48
2,0,0,13,-39,3,-75,-29,-97,-55,-103,24,-101,-25,-113,-30,-94,-22,-85,4,-96,-45,-103,-44,-85,-33,-76,-18,-86,-62,-91,-58,-73,-45,-65,-42,-72,-73,-74,-69,-58,-59,-52
2,0,0,17,-38,8,-75,-22,-99,-49,-107,29,-100,-14,-117,-18,-99,-11,-89,8,-97,-35,-108,-34,-90,-25,-80,-16,-87,-54,-94,-50,-77,-39,-69,-41,-75,-67,-77,-63,-62,-53,-56
2,0,0,-3,-37,-17,-72,-43,-95,-61,-102,27,-102,-28,-116,-33,-95,-23,-87,18,-96,-40,-107,-41,-87,-29,-79,2,-86,-53,-96,-52,-76,-39,-68,-18,-74,-61,-79,-60,-63,-48,-55
2,0,0,-34,-27,-51,-63,-52,-90,-40,-110,6,-109,-33,-117,-37,-89,-23,-80,22,-106,-25,-114,-27,-79,-8,-75,34,-100,-15,-105,-18,-73,-1,-68,39,-88,-4,-93,-7,-72,8,-66
2,0,0,-39,-21,-64,-57,-63,-90,-46,-114,-31,-99,-52,-117,-53,-85,-42,-78,-9,-99,-34,-114,-35,-76,-20,-74,13,-95,-15,-103,-18,-67,-3,-66,35,-87,5,-95,2,-72,15,-68
2,0,0,-40,-12,-68,-51,-62,-90,-43,-117,-57,-86,-69,-114,-66,-84,-57,-73,-32,-91,-41,-122,-41,-82,-34,-74,-7,-91,-16,-109,-17,-69,-10,-63,21,-87,7,-102,4,-75,10,-68
2,0,0,-38,-10,-67,-43,-66,-83,-53,-113,-77,-78,-85,-105,-73,-75,-67,-68,-50,-86,-53,-115,-45,-76,-44,-75,-23,-89,-23,-107,-20,-68,-21,-68,4,-89,-1,-103,-1,-76,-1,-71
2,0,0,-36,-3,-68,-32,-71,-71,-60,-100,-77,-71,-90,-92,-75,-62,-67,-57,-53,-82,-62,-102,-50,-65,-48,-67,-27,-87,-32,-98,-25,-61,-25,-65,1,-90,-8,-95,-5,-69,-4,-69
2,0,0,-32,-4,-59,-33,-52,-70,-37,-95,-75,-75,-77,-92,-65,-62,-61,-55,-51,-84,-50,-100,-42,-63,-44,-64,-25,-87,-22,-95,-18,-59,-24,-61,1,-85,-1,-89,0,-63,-3,-61
2,0,0,-30,-1,-57,-23,-49,-53,-35,-77,-72,-85,-72,-80,-61,-54,-57,-51,-48,-98,-43,-85,-38,-53,-41,-55,-21,-100,-14,-77,-15,-46,-22,-52,4,-96,9,-70,6,-46,-1,-50
2,0,0,-36,-6,-65,-23,-75,-43,-57,-58,-52,-103,-80,-83,-69,-56,-57,-58,-28,-107,-56,-75,-47,-49,-38,-55,-4,-99,-32,-62,-26,-39,-18,-47,17,-84,-8,-52,-5,-37,4,-42
2,0,0,-45,-11,-76,-28,-93,-40,-82,-46,-50,-106,-92,-82,-82,-61,-68,-64,-29,-101,-77,-67,-65,-50,-52,-57,-12,-86,-59,-51,-48,-37,-34,-45,0,-63,-38,-35,-30,-26,-17,-34
2,0,0,-36,-12,-63,-38,-68,-65,-54,-86,-39,-107,-70,-100,-63,-70,-49,-69,-16,-111,-49,-95,-42,-61,-29,-67,5,-105,-29,-83,-23,-53,-11,-59,24,-92,-7,-72,-4,-53,7,-57
2,0,0,-38,-7,-66,-41,-63,-81,-49,-110,-71,-75,-78,-105,-69,-74,-63,-63,-44,-81,-47,-112,-43,-74,-40,-70,-18,-81,-20,-100,-20,-62,-19,-60,9,-79,2,-93,0,-66,0,-61
2,0,0,-38,-10,-65,-45,-60,-86,-44,-114,-71,-77,-80,-107,-72,-78,-65,-66,-45,-83,-50,-116,-45,-78,-43,-72,-18,-83,-21,-103,-20,-65,-19,-61,9,-82,1,-97,0,-71,1,-64
2,0,0,-37,-29,-56,-65,-60,-91,-43,-105,4,-120,-42,-125,-45,-95,-32,-89,23,-115,-31,-114,-31,-80,-15,-78,35,-102,-21,-98,-21,-67,-4,-64,40,-83,-8,-78,-8,-58,8,-55
2,0,0,-14,-47,-47,-81,-90,-91,-119,-80,-23,-115,-83,-116,-80,-94,-64,-88,-28,-93,-95,-88,-86,-71,-68,-69,-39,-65,-100,-58,-89,-44,-70,-44,-51,-36,-97,-34,-87,-25,-70,-24
2,0,0,-20,-45,-64,-73,-112,-70,-143,-60,-59,-106,-116,-94,-107,-76,-91,-74,-63,-82,-122,-67,-108,-54,-91,-54,-68,-52,-120,-38,-104,-28,-86,-30,-73,-21,-113,-16,-98,-9,-83,-9
2,0,0,-29,-40,-80,-59,-127,-46,-153,-26,-78,-90,-136,-70,-124,-55,-108,-55,-74,-62,-135,-40,-119,-30,-101,-32,-71,-31,-126,-11,-106,-7,-87,-11,-68,1,-112,10,-95,13,-79,10
2,0,0,-28,-38,-80,-57,-127,-41,-149,-20,-74,-86,-133,-67,-121,-52,-105,-53,-68,-58,-130,-36,-114,-27,-96,-30,-64,-27,-121,-7,-101,-4,-82,-9,-61,5,-106,15,-90,16,-73,12
2,0,0,-50,-21,-84,-38,-107,-41,-101,-35,-48,-109,-101,-81,-91,-59,-76,-61,-27,-92,-88,-52,-77,-38,-62,-46,-12,-65,-71,-26,-62,-17,-47,-27,-4,-34,-52,-6,-46,-4,-33,-14
2,0,0,-48,-21,-83,-37,-105,-37,-97,-28,-49,-106,-100,-75,-92,-53,-77,-56,-28,-89,-88,-48,-77,-33,-62,-40,-14,-63,-71,-23,-62,-13,-48,-22,-5,-33,-51,-4,-44,-2,-31,-12
2,0,0,-52,-6,-92,-6,-115,8,-104,19,-83,-76,-120,-27,-103,-10,-90,-19,-56,-65,-98,-3,-81,4,-70,-10,-32,-44,-72,15,-59,17,-49,1,-12,-17,-47,26,-39,23,-30,7
2,0,0,-39,3,-71,3,-85,6,-65,2,-80,-81,-98,-31,-81,-17,-72,-29,-48,-84,-70,-23,-56,-14,-49,-31,-17,-73,-39,-13,-32,-7,-26,-22,10,-53,-10,-7,-7,-6,-2,-23
2,0,0,-31,11,-65,10,-68,-1,-43,-23,-93,-72,-92,-35,-73,-17,-66,-29,-66,-90,-60,-45,-46,-24,-45,-34,-36,-94,-28,-44,-21,-24,-22,-34,-7,-90,1,-40,7,-20,11,-26
2,0,0,-30,15,-63,14,-63,-10,-47,-36,-102,-45,-107,-52,-85,-33,-70,-23,-83,-69,-84,-72,-58,-42,-53,-34,-59,-84,-50,-79,-33,-49,-36,-42,-32,-93,-18,-80,-9,-53,-16,-44
2,0,0,-34,15,-72,11,-83,-21,-74,-52,-105,-27,-123,-39,-96,-25,-81,-19,-87,-49,-105,-66,-76,-45,-67,-37,-66,-66,-74,-80,-51,-55,-49,-46,-40,-79,-46,-91,-33,-68,-32,-55
2,0,0,-49,1,-92,-21,-95,-54,-73,-75,-96,-81,-117,-79,-93,-51,-81,-53,-72,-97,-97,-93,-76,-59,-66,-65,-46,-103,-67,-92,-50,-59,-41,-67,-18,-106,-40,-89,-31,-65,-22,-72
2,0,0,-38,-37,-52,-78,-57,-106,-43,-107,26,-123,-27,-135,-32,-105,-19,-98,42,-116,-23,-127,-28,-95,-10,-88,46,-101,-19,-110,-23,-82,-6,-75,40,-83,-12,-87,-13,-68,4,-62
2,0,0,-20,-53,-16,-91,-12,-118,-4,-120,77,-97,30,-133,13,-112,19,-99,79,-84,18,-123,3,-100,16,-88,68,-72,9,-108,-3,-88,9,-76,48,-62,2,-91,-4,-75,9,-62
2,0,0,27,-28,40,-70,29,-110,15,-127,91,-71,59,-129,38,-116,42,-100,76,-67,37,-128,20,-111,26,-95,53,-65,12,-119,-1,-101,7,-85,26,-64,-10,-104,-17,-88,-8,-73
2,0,0,33,-36,44,-76,30,-106,6,-117,65,-90,34,-131,21,-115,25,-101,40,-88,9,-129,0,-112,5,-97,11,-85,-16,-118,-22,-101,-15,-87,-18,-79,-35,-105,-37,-90,-32,-77
2,0,0,26,-44,26,-83,3,-105,-23,-106,37,-107,3,-129,-2,-112,4,-99,10,-105,-20,-122,-22,-106,-15,-93,-18,-97,-41,-108,-41,-92,-33,-82,-46,-85,-58,-93,-55,-78,-49,-68
2,0,0,-33,-29,-52,-61,-69,-80,-83,-92,-20,-115,-79,-108,-75,-86,-61,-81,-25,-108,-87,-96,-78,-75,-62,-73,-35,-96,-91,-82,-81,-62,-66,-62,-47,-79,-89,-67,-80,-51,-65,-50
2,0,0,-42,-15,-67,-42,-77,-65,-67,-81,-32,-96,-68,-101,-64,-72,-50,-67,-18,-101,-62,-102,-54,-69,-35,-68,-6,-102,-50,-97,-42,-65,-24,-64,5,-97,-38,-90,-32,-68,-16,-66
2,0,0,46,-6,90,-25,108,-53,103,-80,87,-76,112,-93,95,-62,83,-57,66,-88,90,-105,72,-68,62,-68,42,-95,64,-112,51,-74,40,-73,13,-100,34,-108,28,-81,17,-78
2,0,0,42,5,90,-3,109,-26,100,-54,113,-75,127,-63,103,-39,92,-43,91,-95,102,-77,78,-46,72,-57,65,-104,73,-84,55,-54,49,-65,37,-107,46,-87,35,-66,28,-74
2,0,0,37,12,87,13,107,-12,100,-40,120,-52,132,-42,104,-21,95,-25,102,-77,110,-60,80,-33,78,-43,78,-91,83,-74,61,-47,59,-56,51,-100,56,-82,42,-61,39,-68
2,0,0,36,14,86,17,108,-6,101,-36,120,-50,132,-37,108,-19,98,-25,104,-75,112,-58,82,-31,80,-43,81,-89,85,-70,62,-43,59,-54,54,-99,60,-79,46,-59,42,-67
2,0,0,47,4,93,-5,120,-21,109,-40,96,-92,126,-62,101,-37,88,-45,77,-105,108,-65,80,-38,69,-49,56,-107,87,-69,63,-43,51,-53,33,-100,59,-69,44,-52,31,-60
2,0,0,54,-16,82,-38,103,-50,120,-50,51,-107,104,-85,92,-66,76,-64,43,-102,102,-72,87,-55,72,-57,39,-86,95,-57,78,-42,61,-45,39,-64,82,-43,70,-33,55,-35
2,0,0,32,-27,64,-50,95,-57,116,-54,39,-108,96,-88,87,-71,70,-69,38,-97,98,-73,85,-59,70,-59,40,-79,96,-55,82,-44,66,-46,47,-57,89,-38,76,-29,62,-30
2,0,0,3,-41,27,-76,63,-86,88,-80,20,-110,75,-103,71,-85,57,-79,29,-99,86,-86,78,-70,63,-67,39,-81,92,-67,81,-52,65,-52,52,-58,92,-47,81,-34,67,-34
2,0,0,-3,-44,12,-78,42,-89,66,-80,7,-108,58,-109,60,-91,50,-83,21,-98,73,-94,69,-78,55,-72,36,-82,81,-75,73,-61,58,-58,52,-62,86,-56,77,-43,63,-40
2,0,0,-11,-43,-3,-76,20,-89,41,-84,-7,-105,36,-111,41,-95,34,-83,11,-97,53,-99,54,-82,44,-73,31,-83,67,-81,64,-66,51,-60,50,-65,76,-62,71,-49,59,-43
2,0,0,32,-32,45,-62,62,-78,79,-87,-10,-110,48,-112,47,-90,32,-82,-11,-107,55,-105,52,-83,35,-78,-4,-98,57,-95,51,-73,35,-67,8,-84,54,-80,50,-63,37,-59
2,0,0,36,-34,45,-64,55,-83,65,-97,-15,-105,34,-114,35,-90,22,-81,-22,-105,36,-115,37,-86,23,-77,-21,-99,36,-107,38,-80,22,-73,-13,-89,32,-94,32,-74,19,-68
2,0,0,34,-36,40,-67,48,-87,51,-104,-22,-104,23,-116,26,-90,11,-81,-31,-105,24,-117,28,-87,13,-77,-32,-102,21,-112,26,-83,9,-74,-27,-95,15,-104,17,-83,2,-75
2,0,0,37,-26,53,-54,56,-81,44,-104,19,-83,38,-105,40,-78,28,-63,5,-87,29,-110,30,-74,14,-60,-12,-90,16,-114,18,-77,0,-63,-32,-89,-2,-108,2,-84,-13,-72
2,0,0,45,-15,71,-40,71,-74,53,-95,43,-64,57,-86,58,-66,47,-51,25,-71,42,-95,40,-65,24,-50,7,-76,26,-100,25,-67,9,-51,-17,-79,7,-98,10,-76,-4,-62
2,0,0,45,-11,72,-37,72,-73,54,-93,44,-61,58,-79,60,-61,50,-47,27,-68,43,-91,43,-62,28,-46,9,-73,27,-95,27,-62,12,-45,-15,-75,7,-93,9,-71,-4,-58
2,0,0,41,-10,72,-42,74,-79,56,-101,44,-79,59,-101,60,-72,50,-59,23,-81,42,-107,42,-67,29,-55,3,-80,22,-101,23,-61,10,-49,-23,-75,-1,-90,3,-62,-8,-53
2,0,0,38,-11,72,-43,72,-81,51,-103,54,-84,69,-103,64,-74,53,-68,31,-89,45,-111,42,-70,31,-69,7,-88,20,-105,20,-65,9,-62,-22,-84,-6,-93,-1,-66,-10,-63
2,0,0,41,-9,77,-35,87,-64,69,-83,55,-109,81,-98,71,-67,57,-67,29,-115,57,-97,47,-59,36,-65,4,-110,30,-90,25,-57,14,-62,-19,-98,5,-81,5,-57,-6,-60
2,0,0,52,-7,93,-22,116,-38,106,-49,75,-111,113,-81,98,-56,84,-61,51,-115,93,-73,77,-46,64,-54,28,-105,68,-65,56,-42,43,-49,9,-86,42,-55,34,-39,21,-45
2,0,0,62,0,103,-11,128,-21,130,-25,96,-98,136,-58,119,-40,105,-45,75,-97,119,-45,98,-30,85,-40,55,-83,96,-32,77,-20,64,-30,37,-61,70,-19,57,-11,45,-21
2,0,0,53,-13,100,-22,136,-14,152,3,108,-85,148,-41,139,-20,128,-12,92,-73,134,-15,111,-7,98,-18,76,-53,116,3,96,4,83,-9,61,-28,95,14,80,13,67,1
2,0,0,44,-26,96,-31,137,-11,154,15,111,-71,157,-31,146,-12,133,-10,99,-54,143,-1,123,8,108,-4,85,-29,126,18,106,21,93,8,72,-3,105,32,91,34,79,23
2,0,0,36,-29,84,-40,125,-28,150,-9,98,-82,147,-51,133,-35,116,-36,91,-66,137,-24,119,-15,103,-24,84,-44,125,-4,106,1,92,-10,78,-18,110,11,94,13,80,4
2,0,0,36,-26,79,-45,118,-43,134,-30,76,-94,123,-63,110,-48,94,-49,71,-83,118,-44,102,-33,87,-41,67,-64,111,-26,93,-19,79,-27,64,-43,99,-13,85,-7,71,-14
2,0,0,49,-15,72,-36,90,-47,103,-56,39,-97,89,-78,78,-57,63,-56,31,-95,88,-69,74,-49,58,-52,29,-84,82,-58,68,-40,52,-42,32,-67,70,-47,60,-33,47,-35
2,0,0,40,-15,57,-35,69,-50,75,-65,26,-86,61,-80,54,-58,39,-55,18,-90,59,-81,52,-54,37,-52,13,-90,55,-81,47,-55,30,-54,9,-86,46,-78,40,-60,25,-58
2,0,0,33,-8,46,-25,56,-40,59,-55,16,-72,48,-68,44,-48,29,-44,11,-77,49,-71,43,-46,28,-42,7,-81,46,-75,40,-50,24,-46,4,-81,39,-75,34,-57,20,-54
2,0,0,28,-3,42,-15,50,-29,51,-44,28,-45,46,-48,41,-34,30,-28,23,-53,45,-53,38,-34,25,-29,17,-61,42,-61,33,-41,18,-36,8,-68,33,-66,27,-51,15,-48
2,0,0,28,-1,43,-12,53,-24,56,-37,31,-42,49,-45,44,-31,34,-26,26,-49,49,-49,40,-31,27,-27,21,-57,46,-56,36,-37,22,-35,14,-65,38,-62,32,-48,19,-46
2,0,0,30,-12,40,-26,49,-36,56,-47,4,-69,40,-67,39,-52,28,-47,4,-70,45,-67,42,-51,30,-46,10,-68,48,-64,45,-48,33,-44,19,-64,49,-55,45,-43,34,-40
2,0,0,22,-11,30,-27,37,-36,44,-44,0,-61,27,-60,25,-48,16,-41,0,-64,32,-61,29,-46,21,-41,3,-64,35,-59,31,-45,21,-42,9,-61,35,-54,31,-43,21,-42
2,0,0,-14,-19,-15,-37,-4,-48,10,-51,-24,-56,4,-62,9,-51,6,-42,-11,-59,15,-62,19,-50,15,-42,4,-58,30,-58,31,-46,25,-39,21,-53,42,-47,41,-35,35,-30
2,0,0,-15,-21,-17,-41,-6,-53,8,-55,-27,-59,0,-66,6,-54,3,-44,-14,-63,13,-66,17,-54,14,-46,2,-61,28,-62,30,-49,25,-42,20,-56,42,-49,42,-37,36,-32
2,0,0,-16,-19,-19,-40,-8,-54,7,-58,-30,-58,-2,-68,5,-55,2,-46,-17,-62,11,-67,15,-55,11,-47,-2,-62,26,-64,28,-50,22,-43,16,-57,40,-52,41,-40,35,-33
2,0,0,-16,-22,-19,-44,-7,-57,8,-59,-29,-61,0,-71,7,-59,3,-50,-17,-64,13,-70,17,-57,12,-50,-2,-63,28,-65,29,-52,22,-45,16,-58,40,-54,40,-41,34,-34
2,0,0,-16,-28,-18,-54,-4,-70,11,-76,-31,-74,0,-91,12,-77,13,-66,-19,-78,15,-91,21,-75,16,-65,-2,-78,28,-82,31,-67,24,-59,15,-75,39,-70,38,-57,32,-52
2,0,0,-16,-22,-19,-44,-8,-57,7,-60,-30,-61,-1,-72,6,-60,2,-51,-18,-65,12,-71,16,-58,11,-51,-2,-64,27,-67,29,-53,22,-46,15,-60,40,-55,41,-41,34,-35
2,0,0,32,-14,44,-33,52,-48,54,-64,1,-74,38,-72,37,-52,24,-45,-4,-77,40,-74,38,-51,27,-45,-5,-76,38,-73,36,-50,23,-45,-4,-71,30,-68,28,-52,17,-48
2,0,0,35,-5,58,-22,65,-47,55,-65,40,-52,54,-67,53,-46,44,-34,28,-57,44,-72,40,-44,28,-36,13,-60,32,-73,27,-45,13,-37,-6,-63,17,-71,16,-51,3,-45
2,0,0,36,-4,64,-23,69,-52,55,-67,51,-49,63,-63,60,-46,52,-35,36,-55,49,-73,45,-47,35,-35,19,-58,33,-75,29,-46,19,-35,-2,-59,14,-71,13,-51,5,-43
2,0,0,33,-6,60,-27,62,-57,49,-73,59,-41,68,-59,62,-45,57,-36,43,-49,50,-69,43,-45,37,-35,25,-53,31,-72,26,-45,20,-33,4,-55,12,-66,10,-48,6,-40
2,0,0,35,-1,66,-19,72,-51,58,-67,74,-27,83,-50,71,-39,67,-28,59,-38,66,-62,54,-43,51,-33,42,-46,47,-67,36,-43,32,-32,23,-51,29,-64,22,-48,18,-38
2,0,0,38,4,68,-12,78,-40,67,-58,67,-32,82,-47,73,-34,66,-25,53,-42,68,-61,56,-40,47,-29,37,-51,50,-67,38,-42,29,-31,17,-59,30,-69,24,-52,17,-43
2,0,0,34,2,68,-15,78,-43,63,-60,60,-50,76,-62,68,-40,59,-35,44,-58,62,-70,51,-41,41,-37,26,-62,43,-73,34,-42,23,-37,4,-65,21,-69,18,-48,10,-45
2,0,0,30,-4,65,-21,71,-47,56,-65,55,-66,73,-72,62,-47,53,-46,36,-74,53,-78,44,-47,36,-48,16,-76,32,-79,25,-47,16,-47,-7,-75,11,-72,9,-52,0,-52
2,0,0,31,-4,67,-22,78,-46,57,-57,53,-84,76,-75,63,-48,52,-50,32,-93,55,-77,43,-45,34,-51,11,-91,33,-72,25,-44,15,-50,-8,-83,10,-65,7,-47,-2,-51
2,0,0,44,-5,77,-17,96,-31,89,-34,63,-97,94,-67,81,-45,70,-51,39,-100,75,-58,60,-35,50,-45,18,-90,51,-49,40,-30,30,-40,-1,-73,26,-39,20,-25,12,-33
2,0,0,50,-9,88,-22,111,-34,103,-35,67,-101,103,-68,92,-49,81,-52,44,-98,88,-53,73,-35,61,-45,25,-82,67,-36,54,-25,43,-34,9,-60,44,-22,36,-15,26,-23
2,0,0,26,-40,74,-65,121,-62,143,-44,56,-97,121,-82,112,-64,95,-62,48,-71,120,-53,105,-40,85,-42,46,-41,115,-26,96,-17,76,-21,46,-10,101,-2,87,3,68,0
2,0,0,25,-43,72,-76,118,-79,136,-61,43,-102,112,-94,107,-75,90,-71,38,-75,114,-66,102,-50,81,-50,38,-44,112,-37,96,-25,75,-27,42,-12,101,-12,89,-5,69,-6
2,0,0,33,-35,68,-70,99,-87,113,-83,25,-117,92,-110,89,-87,73,-83,16,-94,92,-84,85,-64,68,-65,14,-65,88,-55,78,-40,60,-41,18,-34,79,-30,71,-21,54,-22
2,0,0,51,-23,85,-56,99,-84,83,-97,32,-133,83,-125,78,-89,61,-85,9,-131,69,-115,62,-76,45,-76,-8,-118,49,-101,44,-67,29,-67,-19,-98,27,-87,24,-63,8,-61
2,0,0,52,1,100,-21,118,-59,108,-88,100,-64,124,-86,109,-57,95,-47,78,-77,102,-102,85,-63,71,-54,54,-86,77,-107,61,-66,47,-56,23,-94,48,-105,40,-75,29,-67
2,0,0,49,7,99,-10,123,-49,116,-79,107,-48,133,-68,113,-45,99,-36,88,-65,113,-89,89,-55,77,-46,66,-78,88,-98,66,-61,53,-50,37,-90,59,-101,48,-74,38,-65
2,0,0,46,12,98,4,128,-30,126,-62,112,-32,142,-49,120,-30,104,-22,97,-52,125,-72,98,-44,83,-34,78,-67,101,-85,76,-53,60,-43,53,-83,76,-92,61,-69,49,-60
2,0,0,39,20,86,24,124,7,131,-23,118,6,154,-3,123,6,105,10,109,-17,140,-31,104,-14,91,-8,95,-39,122,-52,87,-30,72,-23,77,-61,98,-67,75,-49,62,-42
2,0,0,34,22,81,29,117,12,128,-16,114,20,148,12,115,17,102,20,108,-6,143,-17,104,-4,94,-1,96,-30,125,-42,89,-24,77,-19,81,-55,102,-59,80,-43,71,-37
2,0,0,36,17,81,23,106,5,110,-21,126,-36,137,-20,108,-4,100,-11,112,-61,116,-39,84,-18,84,-28,89,-77,89,-53,65,-30,66,-40,63,-87,64,-64,50,-45,46,-52
2,0,0,45,17,86,20,113,15,105,-2,113,-63,131,-27,106,-9,96,-18,93,-79,109,-29,81,-10,74,-22,69,-83,82,-32,59,-16,53,-28,43,-78,53,-35,38,-23,32,-33
2,0,0,31,-32,77,-52,121,-50,145,-37,73,-97,131,-72,121,-55,105,-54,64,-78,128,-49,112,-35,97,-39,58,-53,117,-22,100,-14,84,-21,54,-24,102,-3,88,2,72,-4
2,0,0,11,-42,39,-83,76,-102,104,-106,8,-117,74,-130,74,-107,59,-99,12,-99,82,-107,79,-85,62,-80,23,-77,89,-81,81,-62,63,-59,37,-52,89,-57,79,-43,62,-41
2,0,0,48,-32,72,-62,83,-88,76,-110,17,-120,64,-120,61,-89,43,-80,3,-122,59,-121,55,-84,39,-76,-7,-117,49,-112,44,-77,25,-70,-13,-106,33,-104,31,-81,14,-75
2,0,0,-35,0,-68,-18,-74,-49,-58,-69,-71,-52,-87,-71,-74,-47,-66,-41,-52,-62,-66,-81,-52,-50,-46,-47,-31,-68,-43,-84,-32,-53,-26,-50,-8,-72,-20,-82,-16,-60,-11,-56
2,0,0,-32,-2,-58,-18,-61,-44,-52,-63,-65,-42,-77,-61,-65,-43,-58,-37,-48,-51,-56,-69,-45,-45,-43,-40,-30,-57,-36,-71,-27,-46,-25,-42,-10,-61,-19,-71,-15,-54,-12,-47
2,0,0,-29,0,-52,-15,-56,-39,-47,-56,-60,-37,-70,-51,-59,-35,-53,-32,-45,-46,-53,-61,-42,-39,-40,-36,-29,-52,-34,-63,-26,-40,-25,-37,-11,-55,-18,-62,-14,-46,-13,-42
2,0,0,-25,2,-47,-10,-53,-31,-46,-46,-54,-28,-66,-40,-55,-28,-49,-25,-42,-36,-51,-49,-40,-31,-37,-29,-28,-42,-35,-53,-26,-34,-24,-30,-13,-47,-20,-54,-16,-40,-13,-35
2,0,0,-25,3,-47,-6,-54,-25,-48,-39,-54,-19,-69,-32,-57,-22,-50,-18,-44,-28,-54,-42,-42,-26,-38,-23,-32,-35,-40,-45,-29,-28,-26,-24,-18,-41,-27,-48,-20,-35,-17,-31
2,0,0,-24,3,-45,-5,-52,-24,-50,-38,-49,-22,-59,-34,-49,-22,-44,-17,-40,-28,-48,-39,-38,-24,-37,-21,-30,-33,-37,-43,-28,-27,-26,-24,-19,-38,-27,-45,-21,-35,-18,-31
2,0,0,-21,5,-46,-4,-53,-22,-45,-35,-48,-30,-59,-38,-49,-24,-44,-22,-36,-38,-47,-46,-38,-27,-33,-27,-22,-43,-32,-48,-23,-29,-19,-30,-7,-46,-17,-48,-12,-35,-7,-35
2,0,0,-22,5,-49,-7,-56,-25,-41,-38,-45,-45,-57,-46,-48,-29,-43,-28,-32,-52,-43,-51,-34,-31,-29,-33,-18,-53,-28,-49,-21,-31,-16,-33,-3,-52,-13,-45,-8,-33,-3,-36
2,0,0,-25,-5,-48,-23,-61,-36,-52,-39,-21,-78,-54,-67,-47,-50,-37,-51,-7,-77,-45,-60,-36,-42,-24,-46,3,-68,-33,-49,-26,-33,-14,-36,10,-53,-20,-38,-15,-28,-4,-31
2,0,0,-19,-27,-48,-50,-81,-53,-99,-44,-34,-92,-83,-82,-76,-64,-62,-63,-33,-80,-86,-64,-74,-50,-62,-52,-35,-62,-83,-45,-71,-32,-58,-35,-39,-40,-75,-26,-63,-18,-50,-21
2,0,0,8,-38,-7,-78,-38,-91,-61,-85,-7,-105,-54,-109,-51,-92,-38,-86,-23,-91,-68,-93,-62,-77,-49,-72,-40,-72,-81,-73,-71,-58,-56,-54,-55,-50,-84,-48,-73,-37,-59,-35
2,0,0,20,-41,18,-83,-5,-107,-30,-109,17,-107,-19,-126,-21,-110,-12,-98,-7,-96,-41,-112,-40,-96,-30,-86,-32,-81,-58,-93,-54,-78,-43,-69,-55,-63,-69,-71,-63,-58,-55,-50
2,0,0,33,-35,44,-77,35,-112,14,-123,35,-101,17,-133,14,-119,18,-104,6,-96,-9,-125,-9,-110,-5,-95,-22,-87,-30,-108,-27,-95,-23,-81,-46,-75,-46,-89,-42,-77,-39,-66
2,0,0,38,-33,49,-70,46,-105,30,-120,48,-96,39,-130,33,-117,32,-102,18,-97,11,-127,8,-113,9,-97,-12,-93,-13,-111,-13,-98,-12,-84,-38,-84,-34,-96,-32,-83,-31,-71
2,0,0,-10,-53,-6,-89,13,-106,35,-110,-12,-121,28,-135,36,-121,31,-110,5,-115,49,-125,51,-109,41,-98,26,-105,65,-110,62,-96,51,-87,47,-90,74,-94,68,-80,57,-72
2,0,0,-10,-40,-4,-74,20,-91,43,-92,-11,-102,35,-113,37,-96,29,-85,2,-96,51,-101,48,-85,35,-76,19,-86,62,-87,56,-71,43,-65,38,-73,68,-71,62,-58,52,-53
2,0,0,40,-22,59,-51,71,-69,81,-80,18,-104,62,-102,57,-79,40,-74,8,-106,61,-103,55,-76,40,-71,4,-101,56,-95,51,-70,35,-67,5,-91,47,-86,43,-68,29,-66
2,0,0,45,-5,79,-20,94,-49,83,-73,68,-57,91,-76,81,-53,69,-41,52,-67,75,-87,60,-57,46,-45,32,-74,55,-93,43,-61,28,-48,8,-80,34,-93,29,-71,15,-60
2,0,0,41,1,81,-12,94,-45,82,-70,79,-46,100,-64,87,-46,75,-36,63,-60,83,-81,67,-53,55,-42,44,-70,63,-89,50,-60,37,-46,20,-78,41,-91,35,-71,24,-60
2,0,0,48,-8,80,-25,101,-36,110,-48,62,-101,106,-79,91,-52,75,-51,47,-105,100,-75,80,-46,64,-48,35,-101,86,-69,67,-44,50,-48,25,-90,65,-65,53,-48,38,-50
2,0,0,20,-44,51,-71,86,-70,113,-56,58,-102,114,-82,111,-61,97,-52,64,-88,119,-59,109,-40,90,-36,70,-66,118,-36,103,-20,84,-18,76,-41,111,-16,97,-3,82,1
2,0,0,15,-45,42,-75,72,-78,94,-66,62,-100,105,-86,102,-68,88,-62,71,-81,114,-62,107,-48,89,-45,78,-55,116,-39,106,-26,89,-25,83,-27,112,-16,101,-6,85,-4
2,0,0,11,-47,37,-78,66,-81,85,-66,66,-104,102,-93,94,-77,79,-72,80,-83,112,-68,103,-55,87,-52,90,-55,114,-41,103,-32,88,-30,95,-25,112,-16,98,-8,85,-6
2,0,0,9,-44,26,-77,37,-101,35,-120,71,-102,108,-88,99,-72,83,-68,85,-79,115,-63,104,-49,88,-46,94,-51,116,-36,104,-25,88,-23,98,-20,112,-9,99,-2,84,-1
2,0,0,12,-45,37,-81,60,-110,69,-134,71,-92,109,-86,101,-71,84,-68,83,-69,118,-63,107,-50,89,-47,91,-41,117,-35,105,-25,88,-24,96,-12,112,-7,98,-1,84,0
2,0,0,16,-47,45,-75,76,-85,99,-88,65,-96,109,-91,103,-75,87,-70,77,-74,118,-67,108,-52,91,-49,85,-46,117,-37,104,-27,88,-25,90,-15,110,-9,95,-2,82,-1
2,0,0,3,-43,23,-78,52,-89,77,-85,31,-99,81,-103,79,-86,65,-80,43,-79,94,-81,87,-64,71,-59,56,-55,99,-55,89,-40,73,-37,65,-28,98,-28,86,-18,72,-15
2,0,0,7,-46,29,-83,57,-103,78,-110,39,-109,89,-116,83,-98,67,-91,49,-91,101,-93,91,-76,74,-72,61,-67,107,-65,94,-52,77,-49,71,-40,104,-40,90,-30,76,-28
2,0,0,10,-46,36,-86,69,-108,92,-116,32,-116,93,-121,90,-99,75,-89,39,-100,101,-98,93,-77,75,-73,49,-77,104,-74,92,-56,74,-55,60,-51,103,-51,90,-36,73,-34
2,0,0,11,-41,35,-79,68,-96,94,-98,27,-121,89,-120,85,-100,69,-93,31,-107,98,-99,87,-80,69,-77,39,-86,99,-78,86,-62,69,-62,49,-62,94,-56,82,-43,67,-43
2,0,0,33,-33,56,-64,81,-79,100,-74,22,-119,78,-115,73,-94,60,-85,18,-107,82,-96,73,-77,59,-73,20,-89,82,-77,70,-61,54,-58,27,-67,77,-59,67,-47,53,-44
2,0,0,48,-29,66,-56,80,-72,91,-78,17,-111,72,-106,66,-86,51,-80,10,-106,74,-97,64,-75,48,-73,10,-93,70,-81,59,-60,43,-60,16,-76,60,-65,51,-51,37,-52
2,0,0,45,-23,63,-49,74,-65,80,-77,12,-110,63,-104,58,-77,42,-74,3,-109,64,-99,56,-71,40,-69,0,-100,58,-87,51,-61,35,-60,3,-84,48,-74,43,-56,28,-56
2,0,0,46,-11,79,-30,96,-57,82,-77,62,-74,87,-86,76,-60,62,-50,46,-81,75,-95,61,-61,45,-54,27,-86,56,-96,44,-62,27,-55,6,-88,37,-95,30,-71,13,-64
2,0,0,46,-1,84,-16,98,-48,84,-69,75,-57,94,-73,85,-50,73,-39,58,-66,79,-86,66,-55,53,-43,37,-73,58,-90,46,-57,32,-45,11,-79,35,-90,30,-66,18,-56
2,0,0,41,3,76,-11,88,-46,74,-66,82,-34,99,-57,85,-45,77,-34,65,-49,80,-73,64,-50,55,-36,46,-59,57,-82,44,-54,35,-37,23,-67,36,-83,29,-64,22,-51
2,0,0,38,6,73,-8,85,-41,76,-63,84,-25,100,-49,85,-38,77,-28,68,-40,81,-65,63,-44,56,-32,50,-52,60,-76,43,-49,35,-34,29,-61,39,-78,30,-60,23,-49
2,0,0,39,7,74,-5,88,-38,79,-60,87,-21,103,-44,87,-34,80,-24,71,-37,87,-63,68,-43,60,-31,54,-49,64,-73,46,-48,38,-33,34,-58,44,-75,34,-58,28,-47
2,0,0,44,11,82,6,105,-24,97,-45,94,5,117,-16,101,-13,92,-5,82,-14,104,-37,83,-27,70,-16,68,-30,86,-54,65,-37,51,-23,52,-44,67,-60,54,-48,43,-37
2,0,0,45,2,82,-3,103,-25,98,-42,92,16,115,-10,105,-21,90,-19,85,1,104,-33,84,-34,66,-25,75,-14,88,-51,67,-43,49,-27,61,-30,76,-54,64,-49,50,-37
2,0,0,41,-1,74,-18,92,-38,94,-57,82,-2,103,-24,94,-36,80,-36,82,-13,101,-45,84,-51,70,-45,78,-23,87,-61,65,-56,49,-41,70,-33,81,-64,63,-62,46,-50
2,0,0,42,-17,61,-42,62,-69,46,-85,37,-64,48,-82,48,-63,38,-49,25,-70,38,-93,37,-69,25,-53,10,-77,26,-99,26,-73,14,-57,-9,-82,12,-98,14,-79,3,-66
2,0,0,35,-30,40,-58,44,-79,36,-93,-4,-84,17,-104,24,-82,15,-68,-11,-85,18,-106,23,-77,9,-63,-18,-87,14,-108,19,-77,5,-65,-26,-87,6,-101,10,-81,-3,-70
2,0,0,-5,-41,6,-76,28,-92,47,-91,-3,-107,51,-115,50,-97,38,-88,6,-99,64,-103,57,-84,44,-77,17,-85,71,-85,61,-67,47,-63,31,-67,71,-63,61,-50,46,-46
2,0,0,49,-14,81,-34,98,-58,86,-78,56,-83,85,-93,78,-67,64,-56,43,-89,76,-99,67,-66,50,-57,27,-94,61,-101,53,-68,34,-60,8,-96,42,-100,38,-76,20,-69
3,0,0,-46,-17,-82,-45,-108,-64,-116,-88,-52,-113,-79,-139,-95,-118,-97,-94,-33,-126,-53,-174,-70,-202,-84,-226,-7,-125,-13,-178,-24,-209,-34,-237,19,-112,27,-154,26,-183,22,-210
3,0,0,-45,-18,-80,-46,-107,-65,-115,-90,-52,-113,-79,-137,-96,-118,-100,-95,-32,-126,-51,-175,-68,-203,-82,-226,-6,-125,-11,-178,-21,-210,-32,-238,20,-111,29,-153,29,-182,25,-208
3,0,0,-46,-18,-82,-45,-110,-63,-113,-87,-51,-112,-79,-138,-96,-120,-100,-97,-32,-125,-51,-174,-67,-202,-79,-225,-6,-125,-12,-177,-22,-210,-32,-237,20,-112,29,-152,28,-181,23,-207
3,0,0,-46,-17,-81,-47,-109,-67,-115,-90,-54,-116,-82,-140,-99,-122,-103,-99,-33,-129,-51,-178,-67,-205,-80,-229,-5,-127,-11,-179,-21,-212,-31,-241,21,-113,30,-154,30,-182,27,-209
3,0,0,-46,-18,-81,-47,-108,-67,-113,-90,-53,-115,-79,-143,-95,-124,-97,-100,-30,-128,-47,-178,-63,-207,-76,-231,-3,-127,-8,-180,-17,-213,-27,-241,24,-114,33,-155,33,-184,29,-210
3,0,0,-44,-17,-79,-44,-104,-62,-109,-83,-49,-111,-77,-135,-93,-115,-96,-91,-29,-124,-49,-171,-68,-198,-84,-220,-4,-122,-10,-175,-19,-206,-29,-233,20,-108,29,-150,30,-178,26,-203
3,0,0,-44,-18,-78,-44,-103,-61,-109,-83,-48,-109,-74,-132,-90,-113,-94,-90,-30,-120,-48,-166,-67,-192,-84,-212,-7,-119,-11,-170,-20,-199,-31,-225,16,-105,26,-145,27,-172,24,-196
3,0,0,-44,-16,-78,-40,-103,-58,-106,-79,-52,-102,-79,-123,-95,-103,-96,-81,-34,-115,-53,-157,-71,-181,-86,-202,-11,-115,-18,-163,-29,-191,-40,-215,11,-104,19,-141,18,-167,14,-190
3,0,0,-40,-15,-69,-38,-92,-56,-97,-75,-47,-93,-71,-112,-85,-96,-87,-76,-31,-105,-49,-144,-65,-166,-79,-186,-10,-106,-16,-150,-25,-176,-34,-197,11,-96,18,-131,17,-154,13,-176
3,0,0,-37,-13,-64,-35,-85,-51,-89,-71,-43,-86,-64,-105,-78,-89,-79,-71,-28,-98,-43,-134,-57,-155,-68,-174,-8,-98,-14,-139,-22,-163,-30,-184,11,-90,18,-122,17,-144,14,-164
3,0,0,-33,-12,-60,-31,-81,-47,-81,-67,-41,-78,-60,-95,-71,-82,-73,-67,-27,-88,-42,-121,-55,-139,-67,-154,-9,-90,-15,-126,-22,-146,-29,-163,9,-83,13,-112,12,-131,10,-149
3,0,0,-30,-6,-53,-19,-70,-33,-73,-51,-37,-58,-53,-69,-63,-60,-64,-48,-26,-68,-39,-94,-52,-108,-61,-120,-12,-71,-19,-99,-28,-116,-36,-129,3,-68,6,-92,4,-108,0,-121
3,0,0,-31,-6,-53,-17,-69,-32,-70,-50,-36,-55,-52,-66,-62,-59,-63,-47,-25,-65,-38,-90,-50,-103,-60,-115,-11,-68,-18,-94,-27,-111,-35,-123,3,-67,5,-88,3,-103,-1,-116
3,0,0,-31,-7,-54,-21,-70,-37,-70,-54,-35,-61,-51,-73,-62,-64,-64,-52,-24,-70,-37,-95,-49,-110,-59,-123,-9,-72,-15,-100,-24,-118,-31,-131,6,-69,9,-92,7,-108,3,-121
3,0,0,-30,-7,-54,-25,-71,-41,-72,-58,-34,-69,-51,-84,-62,-72,-63,-57,-21,-78,-34,-107,-46,-124,-56,-139,-5,-79,-10,-111,-18,-131,-26,-147,11,-73,16,-99,15,-117,10,-133
3,0,0,-33,-8,-59,-27,-78,-42,-82,-60,-37,-78,-57,-93,-69,-78,-71,-61,-23,-88,-38,-120,-53,-138,-66,-154,-6,-88,-11,-125,-21,-147,-31,-166,10,-80,17,-110,16,-130,12,-148
3,0,0,-34,-10,-63,-30,-84,-44,-90,-62,-39,-83,-60,-101,-73,-85,-76,-66,-26,-93,-42,-128,-58,-148,-73,-165,-8,-94,-14,-134,-25,-157,-36,-177,8,-85,16,-117,15,-139,10,-159
3,0,0,-37,-11,-67,-32,-90,-46,-99,-65,-45,-90,-70,-109,-84,-90,-86,-68,-31,-101,-49,-139,-66,-161,-80,-180,-13,-100,-21,-144,-33,-170,-46,-192,4,-89,11,-124,8,-149,1,-170
3,0,0,-38,-11,-69,-32,-92,-46,-103,-65,-49,-91,-75,-110,-89,-89,-91,-68,-35,-101,-55,-142,-72,-164,-87,-183,-17,-101,-26,-147,-39,-173,-52,-195,1,-90,7,-127,4,-153,-2,-175
3,0,0,-40,-1,-75,-8,-101,-11,-117,-21,-78,-71,-108,-75,-112,-51,-105,-31,-68,-84,-101,-116,-125,-133,-145,-148,-51,-89,-75,-130,-95,-151,-116,-168,-30,-85,-38,-122,-50,-144,-65,-161
3,0,0,-36,6,-70,5,-95,6,-108,-4,-82,-55,-111,-53,-111,-30,-102,-12,-75,-70,-110,-94,-135,-106,-156,-116,-57,-78,-84,-111,-106,-129,-126,-145,-34,-76,-40,-109,-48,-131,-59,-151
3,0,0,-37,-4,-72,-17,-97,-23,-102,-40,-67,-76,-95,-88,-101,-67,-97,-47,-56,-89,-82,-123,-102,-140,-119,-155,-36,-93,-53,-134,-68,-158,-83,-177,-14,-87,-11,-122,-14,-147,-19,-169
3,0,0,-36,-18,-62,-46,-81,-65,-80,-83,-32,-98,-52,-121,-68,-105,-73,-84,-15,-106,-24,-147,-36,-171,-47,-193,6,-103,6,-148,1,-175,-7,-198,27,-90,40,-122,45,-145,46,-167
3,0,0,-28,-28,-46,-60,-58,-86,-47,-106,1,-96,-9,-124,-29,-118,-40,-103,20,-100,22,-141,19,-168,17,-191,39,-92,53,-131,57,-157,59,-180,54,-75,74,-102,84,-121,91,-140
3,0,0,-21,-33,-28,-71,-29,-102,-11,-116,30,-90,28,-120,8,-119,-6,-108,50,-88,63,-126,66,-152,69,-174,66,-76,90,-108,100,-132,107,-154,76,-56,103,-74,117,-90,129,-107
3,0,0,-14,-35,-15,-72,-12,-102,7,-115,43,-79,42,-108,22,-111,5,-102,61,-76,79,-110,84,-135,89,-156,75,-64,102,-93,113,-116,121,-136,82,-46,110,-60,126,-74,137,-90
3,0,0,-19,-32,-26,-68,-27,-97,-9,-110,30,-82,29,-110,9,-111,-6,-100,50,-80,64,-116,67,-142,72,-164,65,-70,89,-100,99,-124,107,-145,73,-53,99,-71,113,-86,123,-101
3,0,0,-30,-19,-51,-47,-65,-71,-57,-89,-11,-87,-25,-110,-43,-101,-51,-84,8,-93,4,-130,-2,-155,-7,-177,27,-89,37,-125,37,-149,37,-171,43,-76,60,-100,68,-118,72,-136
3,0,0,-32,-12,-58,-32,-78,-48,-79,-65,-33,-81,-54,-96,-66,-83,-68,-65,-18,-91,-32,-126,-44,-148,-53,-168,0,-90,0,-129,-4,-152,-9,-172,17,-81,29,-109,33,-129,34,-147
3,0,0,-33,-12,-58,-29,-79,-43,-82,-61,-37,-77,-58,-91,-70,-77,-71,-60,-24,-88,-39,-122,-51,-142,-62,-160,-7,-89,-8,-127,-13,-149,-19,-168,10,-80,21,-108,23,-129,22,-147
3,0,0,-30,-10,-54,-23,-73,-34,-76,-48,-35,-68,-54,-79,-66,-66,-68,-51,-26,-78,-40,-108,-54,-124,-64,-138,-14,-80,-16,-114,-20,-133,-25,-151,-1,-73,6,-99,7,-118,7,-135
3,0,0,-27,-6,-47,-16,-65,-24,-70,-38,-31,-58,-49,-67,-60,-55,-60,-41,-24,-68,-39,-94,-52,-108,-62,-120,-14,-71,-17,-101,-24,-120,-30,-135,-4,-66,2,-92,2,-109,0,-125
3,0,0,-24,-4,-44,-11,-60,-20,-65,-33,-29,-50,-47,-57,-56,-46,-56,-33,-24,-60,-38,-83,-51,-96,-62,-106,-15,-64,-19,-92,-26,-107,-32,-119,-5,-62,0,-85,-1,-101,-3,-114
3,0,0,-25,-4,-45,-14,-62,-23,-66,-37,-28,-54,-45,-62,-55,-52,-56,-39,-21,-64,-34,-88,-47,-102,-58,-113,-10,-67,-13,-96,-21,-113,-28,-126,0,-64,6,-88,5,-104,2,-117
3,0,0,-25,-6,-46,-17,-64,-25,-69,-40,-27,-60,-45,-69,-56,-57,-58,-43,-19,-69,-32,-96,-47,-110,-60,-123,-8,-71,-9,-103,-16,-122,-23,-137,3,-65,11,-90,11,-108,8,-125
3,0,0,-27,-8,-48,-20,-66,-29,-73,-43,-27,-65,-48,-75,-60,-63,-62,-48,-19,-74,-34,-103,-49,-119,-62,-133,-8,-75,-9,-109,-17,-130,-24,-147,3,-68,12,-95,11,-114,9,-132
3,0,0,-34,-13,-57,-29,-76,-40,-83,-54,-32,-78,-55,-90,-69,-75,-72,-58,-20,-86,-36,-119,-53,-138,-66,-156,-6,-85,-7,-124,-14,-148,-21,-168,5,-76,16,-104,17,-126,15,-146
3,0,0,-31,-15,-56,-30,-75,-42,-81,-57,-30,-80,-52,-93,-67,-77,-69,-59,-19,-89,-33,-124,-49,-144,-62,-163,-5,-89,-4,-129,-10,-154,-18,-175,7,-79,21,-109,22,-131,20,-151
3,0,0,-33,-14,-58,-30,-79,-40,-91,-51,-36,-79,-56,-93,-70,-77,-75,-61,-27,-88,-43,-125,-61,-144,-77,-162,-15,-89,-17,-131,-25,-156,-34,-177,-4,-82,6,-115,6,-137,3,-158
3,0,0,-35,-12,-59,-25,-79,-35,-88,-47,-39,-77,-62,-89,-74,-71,-74,-52,-31,-86,-47,-121,-67,-139,-84,-155,-20,-86,-24,-128,-34,-153,-43,-174,-11,-79,-4,-114,-5,-137,-9,-156
3,0,0,-36,-13,-58,-25,-78,-32,-92,-42,-41,-75,-65,-85,-76,-68,-76,-49,-34,-82,-52,-119,-72,-136,-88,-150,-26,-82,-32,-126,-44,-151,-54,-171,-21,-75,-16,-110,-19,-134,-23,-154
3,0,0,-34,-16,-59,-32,-81,-41,-91,-55,-35,-82,-60,-94,-74,-76,-77,-58,-28,-91,-44,-128,-63,-147,-78,-164,-17,-92,-20,-134,-31,-159,-39,-179,-9,-83,1,-117,0,-140,-2,-159
3,0,0,-35,-13,-61,-30,-83,-41,-90,-56,-39,-81,-60,-95,-74,-80,-77,-62,-28,-90,-43,-125,-61,-146,-76,-164,-13,-91,-17,-132,-26,-157,-36,-178,1,-82,11,-114,10,-137,7,-158
3,0,0,-33,-12,-60,-30,-81,-44,-82,-61,-37,-80,-57,-94,-69,-80,-71,-63,-24,-90,-39,-124,-53,-145,-64,-163,-7,-90,-10,-129,-15,-153,-22,-173,9,-81,18,-111,19,-132,18,-151
3,0,0,-32,-12,-57,-29,-76,-42,-80,-59,-35,-78,-55,-93,-67,-79,-69,-62,-21,-88,-35,-120,-48,-141,-58,-158,-4,-88,-6,-124,-12,-146,-18,-165,13,-79,21,-107,22,-127,21,-145
3,0,0,-32,-12,-57,-28,-75,-41,-77,-57,-36,-75,-55,-89,-67,-75,-68,-58,-22,-85,-35,-117,-47,-136,-56,-154,-5,-85,-7,-121,-13,-143,-20,-161,12,-77,21,-104,22,-123,20,-141
3,0,0,-31,-10,-55,-28,-74,-41,-75,-57,-35,-78,-53,-92,-64,-78,-66,-61,-20,-87,-33,-119,-46,-138,-57,-155,-2,-87,-5,-123,-10,-145,-17,-164,15,-77,24,-105,26,-124,25,-142
3,0,0,-29,-12,-54,-31,-74,-45,-69,-58,-33,-75,-49,-91,-59,-78,-63,-63,-16,-84,-26,-117,-35,-137,-43,-155,3,-82,3,-118,1,-140,-3,-160,21,-70,30,-96,33,-115,34,-133
3,0,0,-29,-12,-53,-29,-71,-43,-66,-55,-32,-75,-47,-90,-58,-77,-61,-60,-15,-83,-23,-114,-32,-133,-39,-151,4,-80,4,-115,1,-136,-3,-156,22,-69,30,-94,33,-111,34,-128
3,0,0,-27,-12,-51,-28,-69,-41,-65,-53,-30,-74,-46,-88,-58,-74,-61,-57,-14,-81,-23,-112,-32,-131,-39,-147,4,-78,4,-112,1,-133,-3,-152,22,-67,30,-91,33,-109,34,-126
3,0,0,-31,-16,-55,-33,-73,-49,-67,-64,-35,-81,-52,-96,-62,-82,-64,-67,-19,-90,-30,-121,-41,-141,-50,-160,-1,-89,-2,-122,-6,-144,-12,-164,16,-77,25,-103,27,-122,27,-140
3,0,0,-31,-11,-55,-27,-73,-42,-66,-57,-35,-75,-52,-90,-63,-77,-65,-60,-19,-84,-30,-116,-40,-136,-48,-154,0,-83,-2,-117,-6,-139,-11,-157,18,-73,27,-99,29,-117,29,-135
3,0,0,-32,-12,-57,-29,-75,-45,-66,-61,-34,-76,-51,-93,-62,-79,-64,-62,-18,-85,-29,-118,-38,-137,-47,-154,1,-84,-1,-120,-5,-141,-10,-160,20,-74,28,-101,31,-119,31,-136
3,0,0,-31,-12,-57,-29,-74,-44,-69,-60,-34,-76,-50,-92,-62,-77,-63,-60,-18,-86,-29,-117,-39,-137,-48,-155,1,-85,-1,-121,-6,-142,-11,-160,19,-76,28,-103,30,-121,30,-139
3,0,0,-32,-10,-59,-25,-79,-37,-79,-54,-40,-74,-60,-87,-70,-70,-70,-54,-25,-86,-40,-117,-55,-136,-67,-153,-7,-87,-10,-124,-17,-145,-24,-163,10,-78,19,-107,20,-126,17,-144
3,0,0,-35,-9,-61,-23,-82,-33,-90,-48,-42,-76,-64,-88,-77,-72,-79,-56,-32,-87,-49,-120,-67,-139,-84,-156,-17,-90,-23,-129,-34,-152,-45,-171,-2,-83,5,-115,4,-138,-1,-158
3,0,0,-34,-11,-61,-24,-82,-34,-91,-49,-38,-78,-64,-89,-77,-71,-79,-52,-30,-88,-48,-122,-68,-140,-85,-156,-17,-90,-23,-132,-35,-155,-46,-174,-5,-84,4,-117,1,-140,-4,-159
3,0,0,-34,-10,-62,-28,-84,-38,-92,-51,-42,-83,-66,-97,-81,-78,-82,-59,-33,-92,-51,-130,-74,-151,-92,-168,-20,-93,-25,-137,-39,-164,-51,-187,-6,-84,2,-119,-1,-144,-7,-166
3,0,0,-25,-9,-47,-24,-63,-30,-70,-40,-20,-79,-42,-91,-55,-65,-61,-42,-5,-83,-21,-123,-42,-139,-61,-153,15,-76,13,-121,2,-146,-9,-170,33,-59,44,-87,45,-109,43,-131
3,0,0,33,-10,63,-24,87,-34,98,-53,41,-81,66,-93,79,-77,83,-57,30,-95,47,-132,64,-157,77,-177,15,-100,21,-143,30,-168,39,-187,-1,-97,-7,-130,-8,-153,-6,-172
3,0,0,33,-10,63,-24,88,-33,98,-52,41,-82,66,-93,79,-78,83,-58,31,-96,49,-133,66,-157,80,-177,16,-101,23,-144,32,-169,41,-188,0,-97,-6,-131,-6,-155,-4,-173
3,0,0,33,-10,64,-24,89,-33,99,-52,41,-81,68,-93,81,-76,84,-55,32,-95,49,-132,66,-157,79,-177,17,-100,23,-143,32,-169,41,-188,1,-97,-5,-131,-6,-154,-4,-173
3,0,0,33,-11,63,-25,87,-35,98,-53,41,-81,68,-91,82,-76,85,-57,31,-95,49,-133,66,-158,78,-178,17,-100,22,-143,31,-168,39,-188,1,-97,-6,-132,-6,-155,-4,-174
3,0,0,35,-9,68,-22,92,-32,99,-51,48,-84,75,-96,86,-77,88,-56,35,-98,55,-135,73,-159,88,-181,16,-103,26,-145,36,-170,46,-190,-4,-99,-8,-133,-7,-156,-4,-175
3,0,0,36,-9,72,-24,99,-34,102,-49,54,-86,81,-96,92,-79,93,-59,39,-101,60,-139,78,-164,92,-188,19,-106,29,-149,39,-174,48,-195,-3,-101,-7,-135,-7,-158,-4,-179
3,0,0,38,-11,74,-25,101,-35,106,-50,55,-87,83,-98,94,-80,95,-61,39,-102,60,-142,77,-167,91,-190,17,-106,28,-151,38,-177,47,-198,-6,-101,-10,-136,-10,-159,-7,-180
3,0,0,37,-9,75,-23,104,-32,107,-48,55,-88,85,-99,97,-79,99,-58,39,-102,63,-142,80,-166,94,-189,18,-106,29,-150,39,-175,49,-196,-6,-101,-10,-136,-11,-159,-10,-179
3,0,0,38,-11,74,-27,101,-40,105,-57,53,-89,82,-101,95,-83,98,-61,36,-104,57,-144,75,-171,87,-195,14,-108,24,-155,34,-181,43,-203,-10,-103,-16,-139,-17,-163,-15,-185
3,0,0,37,-11,73,-30,100,-43,103,-59,52,-91,80,-105,92,-85,93,-64,36,-105,55,-147,72,-173,84,-196,13,-109,22,-155,31,-182,40,-205,-11,-104,-18,-141,-20,-165,-19,-186
3,0,0,33,-11,66,-28,90,-38,100,-49,44,-90,71,-102,85,-83,88,-62,28,-102,49,-145,66,-169,79,-190,6,-104,14,-152,22,-178,30,-200,-17,-96,-25,-133,-26,-157,-24,-178
3,0,0,33,-12,63,-30,87,-40,94,-55,39,-94,67,-105,81,-86,85,-66,24,-106,43,-148,60,-172,73,-193,4,-107,8,-154,17,-179,27,-200,-18,-97,-27,-132,-28,-155,-26,-176
3,0,0,36,-18,65,-38,88,-48,100,-59,39,-98,69,-111,83,-89,87,-68,24,-109,40,-150,56,-175,68,-194,4,-107,7,-153,15,-180,24,-204,-17,-94,-28,-127,-31,-150,-31,-171
3,0,0,34,-18,62,-37,87,-47,101,-60,35,-100,66,-112,82,-93,88,-72,20,-109,36,-152,54,-178,68,-199,2,-107,4,-154,12,-183,22,-207,-17,-93,-29,-126,-32,-151,-31,-175
3,0,0,35,-18,65,-37,89,-47,101,-61,35,-100,68,-111,84,-91,88,-71,21,-109,38,-152,56,-179,71,-201,2,-107,5,-154,15,-183,25,-207,-17,-94,-27,-128,-29,-153,-28,-176
3,0,0,37,-17,69,-37,96,-46,109,-61,41,-103,73,-113,90,-91,97,-69,27,-112,45,-157,65,-184,83,-206,9,-110,13,-159,24,-189,36,-214,-8,-96,-18,-132,-18,-158,-15,-182
3,0,0,40,-17,71,-38,96,-47,110,-60,43,-104,76,-114,93,-91,99,-67,31,-113,49,-159,70,-186,88,-207,15,-110,17,-160,29,-190,42,-214,-1,-96,-11,-131,-10,-158,-4,-183
3,0,0,37,-12,71,-30,95,-39,108,-55,47,-94,79,-102,93,-82,96,-60,35,-109,55,-151,76,-177,92,-198,19,-114,27,-162,39,-190,50,-211,1,-110,-5,-149,-3,-174,2,-196
3,0,0,38,-11,73,-28,99,-39,113,-57,47,-89,76,-101,93,-83,99,-65,35,-105,55,-144,77,-170,94,-191,19,-112,28,-157,40,-183,52,-204,2,-109,0,-147,4,-171,11,-191
3,0,0,37,-10,70,-25,95,-35,109,-56,45,-90,75,-99,90,-81,96,-61,35,-106,53,-146,73,-171,90,-192,19,-112,26,-157,37,-184,49,-204,1,-110,-2,-147,1,-171,7,-191
3,0,0,36,-7,68,-22,92,-32,108,-45,47,-89,75,-98,90,-80,95,-60,36,-106,57,-147,78,-171,95,-191,20,-112,28,-158,40,-184,52,-204,3,-109,1,-147,5,-171,12,-192
2,0,0,37,-9,68,-25,93,-35,109,-51,44,-87,73,-98,88,-80,93,-60,35,-104,55,-146,75,-170,91,-190,19,-112,27,-158,39,-185,52,-205,2,-110,1,-148,4,-173,10,-194
3,0,0,38,-4,70,-18,95,-26,111,-38,45,-87,77,-95,93,-77,99,-56,38,-104,60,-144,82,-167,100,-182,25,-111,32,-156,45,-182,58,-202,11,-107,10,-144,15,-168,23,-188
3,0,0,38,-7,67,-22,90,-31,103,-47,40,-88,70,-97,88,-79,95,-59,34,-103,52,-143,72,-168,88,-185,22,-110,28,-155,40,-182,51,-203,9,-110,7,-146,11,-171,17,-191
3,0,0,36,-10,63,-24,83,-33,101,-48,35,-87,67,-99,87,-81,96,-60,29,-103,46,-145,66,-170,81,-186,18,-109,22,-155,33,-183,43,-203,8,-106,6,-143,10,-168,15,-187
3,0,0,37,-9,65,-23,88,-31,105,-47,38,-89,69,-103,87,-84,95,-63,31,-102,50,-143,70,-166,87,-183,22,-105,28,-150,39,-178,50,-199,14,-101,14,-138,19,-164,25,-185
3,0,0,27,-6,46,-17,64,-25,69,-36,16,-70,36,-82,51,-66,62,-48,11,-81,20,-119,36,-148,51,-168,2,-83,1,-121,7,-149,14,-169,-4,-75,-9,-104,-6,-124,-1,-141
3,0,0,37,-18,56,-30,77,-39,85,-49,27,-86,54,-98,68,-81,72,-61,21,-97,36,-140,55,-165,72,-181,15,-97,17,-145,26,-175,36,-197,11,-91,15,-132,19,-157,25,-178
3,0,0,34,-15,54,-26,73,-34,83,-47,27,-83,54,-92,70,-74,75,-54,23,-93,40,-135,61,-158,78,-174,18,-93,24,-140,36,-170,48,-192,17,-86,21,-127,28,-153,35,-173
3,0,0,33,-12,55,-27,74,-36,87,-48,28,-83,60,-92,75,-75,79,-56,25,-92,48,-133,67,-156,82,-172,22,-93,34,-137,47,-163,59,-182,22,-87,27,-121,33,-143,40,-161
3,0,0,29,-9,47,-23,66,-29,74,-40,14,-73,45,-83,60,-66,68,-46,13,-78,30,-111,48,-139,61,-160,10,-77,18,-117,30,-144,41,-165,9,-71,9,-101,15,-124,23,-143
3,0,0,38,-9,59,-28,77,-37,88,-45,35,-84,61,-92,76,-74,80,-58,31,-92,51,-129,69,-150,84,-166,26,-93,36,-133,50,-158,62,-177,24,-88,29,-123,36,-146,45,-164
3,0,0,34,-13,55,-28,74,-36,87,-48,27,-84,56,-88,72,-72,79,-57,23,-93,39,-130,53,-150,66,-167,19,-94,29,-133,38,-156,47,-172,20,-89,25,-121,30,-143,36,-160
3,0,0,29,-15,54,-28,74,-37,83,-54,27,-76,51,-87,65,-74,72,-58,18,-86,32,-120,47,-142,58,-160,7,-88,8,-124,16,-147,23,-165,-5,-82,-14,-109,-14,-128,-12,-145
3,0,0,29,-13,54,-26,74,-35,81,-53,27,-73,50,-85,65,-72,71,-56,19,-83,31,-117,45,-139,57,-155,7,-85,9,-122,16,-144,23,-161,-6,-80,-15,-108,-17,-127,-15,-143
3,0,0,28,-11,52,-24,72,-34,81,-51,28,-72,52,-82,65,-71,71,-55,18,-82,32,-116,47,-138,60,-155,4,-85,8,-122,16,-145,24,-162,-12,-81,-20,-109,-20,-128,-18,-144
3,0,0,31,-7,58,-18,79,-27,86,-43,39,-65,59,-74,71,-62,76,-47,28,-76,45,-105,59,-122,71,-135,15,-79,19,-112,28,-130,38,-144,0,-76,-6,-103,-6,-121,-3,-135
3,0,0,27,-6,52,-16,72,-26,77,-41,36,-59,55,-67,65,-58,69,-45,25,-70,40,-96,55,-112,67,-125,11,-75,17,-106,25,-123,34,-136,-5,-74,-12,-99,-15,-116,-16,-130
3,0,0,25,-4,49,-12,68,-21,73,-37,35,-54,53,-61,62,-53,66,-41,25,-65,41,-89,54,-103,66,-115,11,-71,19,-99,26,-115,34,-126,-4,-71,-10,-95,-14,-111,-16,-124
3,0,0,25,-3,48,-11,67,-19,72,-34,37,-49,54,-55,62,-48,66,-38,28,-60,43,-83,56,-96,68,-107,15,-66,23,-93,31,-107,40,-116,0,-66,-5,-89,-7,-105,-7,-118
3,0,0,25,-2,48,-9,66,-18,70,-32,37,-44,53,-51,61,-44,64,-34,28,-55,44,-76,57,-88,68,-98,16,-62,23,-87,30,-100,38,-110,1,-63,-4,-84,-6,-99,-6,-110
3,0,0,24,-1,46,-7,64,-16,69,-30,37,-40,51,-47,59,-42,62,-33,29,-51,44,-70,57,-80,67,-90,17,-57,24,-80,32,-93,39,-102,3,-59,-1,-79,-3,-92,-3,-103
3,0,0,24,0,45,-7,63,-16,67,-30,37,-35,50,-41,57,-38,59,-30,29,-45,44,-63,55,-72,66,-82,18,-52,26,-73,34,-84,42,-92,5,-55,2,-73,1,-85,2,-95
3,0,0,24,1,46,-5,63,-15,64,-28,38,-29,50,-35,56,-34,59,-28,29,-40,44,-55,54,-64,64,-72,18,-47,28,-64,35,-74,43,-80,5,-50,4,-66,3,-77,3,-86
3,0,0,23,3,44,-4,61,-13,62,-26,36,-24,48,-30,54,-30,55,-26,28,-35,41,-48,51,-57,60,-65,17,-42,25,-58,33,-66,40,-71,4,-46,2,-60,2,-71,2,-78
3,0,0,24,3,45,-4,61,-13,63,-26,36,-24,48,-31,55,-30,57,-26,28,-35,42,-49,51,-57,61,-65,18,-42,26,-58,34,-66,41,-71,5,-46,2,-61,2,-71,2,-78
3,0,0,24,4,45,-2,61,-12,61,-24,35,-22,46,-28,53,-28,55,-24,27,-32,40,-46,49,-54,58,-61,16,-39,24,-54,31,-63,39,-67,3,-43,1,-57,0,-67,1,-75
3,0,0,23,1,44,-7,59,-17,61,-29,33,-28,44,-35,52,-33,55,-28,25,-38,37,-53,47,-62,55,-69,14,-44,22,-61,29,-70,36,-76,1,-47,-1,-62,-1,-73,0,-81
3,0,0,22,0,41,-7,57,-16,60,-28,30,-30,41,-37,49,-35,53,-29,21,-39,33,-56,42,-65,52,-73,11,-45,17,-63,24,-73,32,-80,-2,-48,-5,-64,-6,-76,-4,-85
3,0,0,21,0,39,-8,54,-16,58,-28,28,-32,39,-39,48,-37,52,-31,19,-41,32,-58,42,-67,52,-76,8,-48,15,-66,22,-77,30,-85,-4,-50,-7,-66,-8,-77,-7,-86
3,0,0,21,-1,40,-9,55,-18,59,-31,29,-34,41,-41,49,-40,54,-34,21,-43,34,-61,44,-71,54,-80,10,-49,17,-69,24,-80,31,-88,-2,-51,-6,-68,-7,-80,-6,-90
3,0,0,22,-5,40,-13,57,-25,59,-39,24,-41,37,-49,46,-47,52,-40,15,-51,26,-72,36,-84,46,-94,4,-57,6,-81,11,-95,17,-104,-7,-56,-13,-76,-16,-90,-17,-102
3,0,0,24,-9,44,-22,59,-34,62,-49,19,-59,34,-69,46,-63,53,-53,9,-69,19,-93,31,-109,41,-122,-4,-72,-4,-100,1,-118,7,-133,-17,-70,-28,-91,-32,-107,-35,-120
3,0,0,26,-11,47,-26,64,-39,67,-56,18,-64,35,-77,48,-71,57,-59,7,-75,16,-103,29,-122,39,-137,-7,-78,-9,-109,-4,-129,2,-145,-21,-74,-33,-97,-40,-115,-43,-129
3,0,0,26,-11,49,-27,68,-40,71,-57,18,-69,37,-82,51,-74,59,-59,6,-79,16,-109,29,-130,41,-146,-9,-82,-11,-116,-5,-138,2,-155,-24,-77,-38,-102,-45,-121,-49,-137
3,0,0,28,-11,53,-27,72,-40,74,-56,19,-73,42,-85,57,-76,65,-62,6,-84,18,-117,33,-137,45,-154,-10,-86,-11,-122,-5,-145,3,-164,-26,-80,-39,-107,-46,-127,-50,-145
3,0,0,28,-13,54,-32,75,-46,79,-64,19,-82,42,-97,59,-86,67,-69,4,-93,16,-131,31,-154,43,-173,-14,-94,-16,-134,-10,-160,-3,-180,-31,-85,-47,-115,-54,-137,-58,-156
3,0,0,24,-22,46,-47,65,-62,69,-76,3,-92,27,-111,47,-99,57,-82,-12,-98,-8,-140,4,-165,15,-184,-29,-93,-40,-136,-38,-163,-33,-186,-43,-77,-65,-104,-74,-125,-77,-145
3,0,0,23,-23,43,-48,62,-64,70,-76,3,-94,28,-112,48,-99,58,-82,-12,-99,-7,-140,5,-165,16,-185,-29,-93,-39,-135,-37,-162,-31,-185,-43,-77,-64,-101,-73,-121,-76,-141
3,0,0,23,-25,40,-52,57,-68,66,-82,-5,-97,19,-116,40,-103,53,-86,-20,-99,-19,-140,-8,-165,3,-184,-36,-90,-50,-130,-50,-156,-45,-179,-46,-69,-71,-89,-82,-108,-88,-127
3,0,0,23,-27,39,-55,56,-71,65,-85,-7,-98,16,-118,38,-106,52,-89,-22,-99,-21,-139,-8,-165,4,-185,-36,-88,-51,-127,-51,-154,-47,-178,-44,-67,-69,-86,-80,-105,-86,-125
3,0,0,24,-28,41,-56,58,-73,68,-85,-4,-97,20,-116,43,-104,57,-88,-19,-97,-20,-136,-8,-163,4,-183,-33,-85,-48,-125,-47,-150,-42,-174,-41,-64,-64,-81,-76,-99,-82,-119
3,0,0,25,-27,42,-53,60,-69,70,-81,0,-96,25,-115,47,-103,61,-87,-14,-96,-12,-136,4,-162,19,-182,-27,-83,-38,-123,-36,-148,-31,-172,-33,-61,-53,-80,-62,-99,-66,-118
3,0,0,23,-28,38,-54,55,-69,68,-82,-4,-93,23,-111,44,-99,57,-83,-17,-94,-13,-133,1,-159,16,-180,-28,-82,-39,-121,-35,-147,-28,-173,-33,-61,-53,-77,-61,-95,-66,-115
3,0,0,24,-28,40,-55,56,-69,66,-75,0,-95,25,-111,46,-98,60,-81,-11,-96,-5,-137,9,-163,23,-185,-21,-84,-29,-124,-26,-149,-19,-174,-26,-62,-43,-79,-49,-97,-51,-117
3,0,0,26,-32,40,-60,54,-76,60,-87,2,-98,27,-116,47,-100,60,-80,-10,-97,-3,-140,14,-164,30,-183,-19,-83,-25,-124,-20,-148,-14,-171,-22,-60,-35,-78,-40,-96,-43,-117
3,0,0,31,-31,45,-58,64,-74,78,-87,9,-95,34,-118,54,-104,67,-84,0,-95,8,-141,26,-167,45,-186,-8,-81,-10,-124,-4,-150,4,-173,-11,-59,-21,-79,-23,-99,-23,-120
3,0,0,32,-34,45,-62,65,-78,81,-93,8,-99,35,-121,55,-105,69,-85,-1,-98,8,-143,27,-169,47,-188,-8,-83,-11,-128,-5,-153,3,-176,-11,-61,-23,-81,-26,-100,-26,-121
3,0,0,30,-32,45,-62,62,-79,72,-94,7,-100,33,-120,53,-105,68,-87,-4,-100,5,-144,22,-170,39,-191,-13,-86,-17,-128,-11,-155,-4,-179,-15,-63,-29,-83,-33,-102,-34,-123
3,0,0,28,-34,44,-62,62,-77,73,-88,1,-100,30,-121,53,-107,69,-87,-10,-101,-2,-144,15,-170,33,-190,-19,-87,-26,-130,-21,-157,-13,-181,-22,-65,-38,-83,-44,-102,-46,-122
3,0,0,26,-29,44,-58,62,-74,75,-87,1,-99,27,-120,49,-106,64,-89,-13,-100,-8,-142,7,-167,22,-187,-24,-89,-35,-129,-32,-156,-25,-181,-30,-69,-51,-87,-59,-106,-63,-126
3,0,0,25,-28,44,-55,65,-71,74,-86,0,-96,27,-116,49,-105,62,-88,-14,-98,-11,-140,4,-168,17,-189,-27,-88,-39,-131,-36,-159,-29,-184,-36,-70,-59,-91,-67,-112,-70,-134
3,0,0,26,-25,47,-50,68,-66,75,-83,3,-96,29,-114,49,-102,60,-85,-12,-100,-7,-142,7,-168,20,-189,-27,-92,-38,-135,-34,-162,-28,-186,-37,-75,-59,-99,-68,-119,-72,-139
3,0,0,29,-28,50,-55,70,-71,77,-89,5,-101,31,-120,53,-109,66,-92,-9,-107,-1,-148,15,-174,29,-194,-24,-105,-30,-148,-23,-176,-14,-198,-36,-93,-56,-120,-62,-143,-63,-164
3,0,0,28,-24,50,-49,70,-66,78,-86,6,-96,33,-115,53,-103,65,-85,-7,-104,0,-146,15,-172,28,-192,-23,-102,-30,-146,-24,-173,-16,-196,-35,-90,-54,-120,-61,-142,-63,-163
3,0,0,24,-12,44,-28,63,-40,69,-58,-2,-77,23,-93,44,-80,56,-62,-15,-87,-5,-122,11,-149,26,-168,-29,-85,-37,-123,-34,-154,-29,-177,-40,-72,-56,-100,-63,-125,-67,-146
3,0,0,29,-21,51,-43,69,-57,79,-75,8,-95,36,-110,56,-97,67,-81,-4,-104,7,-145,23,-171,37,-193,-18,-103,-22,-148,-15,-175,-7,-197,-31,-93,-46,-125,-50,-148,-50,-169
3,0,0,29,-20,52,-42,69,-56,79,-70,10,-94,35,-109,56,-95,68,-78,-2,-103,9,-144,27,-170,43,-190,-15,-104,-19,-148,-12,-176,-3,-198,-25,-95,-40,-126,-44,-149,-44,-171
3,0,0,29,-21,48,-45,66,-58,80,-73,9,-97,38,-110,59,-95,71,-78,0,-105,14,-148,33,-174,49,-192,-12,-104,-13,-150,-5,-177,4,-200,-19,-94,-30,-125,-31,-147,-29,-167
3,0,0,-40,-19,-67,-43,-88,-63,-94,-87,-35,-94,-57,-114,-72,-100,-76,-82,-18,-106,-31,-143,-47,-165,-62,-183,1,-108,-4,-148,-15,-176,-28,-197,18,-101,29,-134,26,-159,18,-180
3,0,0,-39,-16,-68,-40,-90,-59,-97,-81,-37,-94,-62,-112,-77,-97,-80,-78,-21,-106,-38,-145,-54,-168,-67,-188,-2,-106,-7,-151,-19,-178,-30,-200,16,-97,29,-131,29,-156,24,-177
3,0,0,-37,-14,-65,-39,-86,-56,-94,-76,-36,-94,-60,-114,-76,-99,-79,-80,-21,-106,-37,-145,-54,-169,-68,-189,-2,-106,-6,-150,-17,-178,-29,-201,18,-95,30,-130,31,-155,28,-177
3,0,0,-36,-15,-65,-41,-85,-59,-86,-77,-36,-97,-57,-119,-69,-99,-71,-77,-16,-107,-29,-149,-45,-172,-59,-192,6,-104,4,-151,-5,-177,-15,-199,28,-91,41,-124,44,-148,43,-170
3,0,0,-39,-17,-69,-42,-91,-60,-90,-80,-38,-98,-60,-118,-74,-101,-78,-80,-19,-108,-32,-149,-46,-172,-60,-192,3,-105,2,-150,-5,-177,-15,-201,23,-90,38,-124,41,-148,39,-169
3,0,0,-35,-21,-62,-49,-84,-64,-93,-81,-31,-102,-52,-122,-70,-105,-80,-86,-15,-108,-24,-152,-40,-177,-57,-199,5,-103,8,-150,4,-179,-3,-205,24,-87,40,-121,44,-145,42,-169
3,0,0,-41,-25,-69,-53,-90,-68,-100,-78,-38,-101,-59,-123,-76,-104,-84,-85,-25,-105,-37,-149,-53,-174,-66,-196,-10,-99,-8,-146,-16,-176,-23,-203,5,-86,20,-121,24,-147,25,-171
3,0,0,-38,-22,-66,-47,-89,-62,-99,-76,-36,-100,-62,-118,-78,-98,-85,-78,-25,-105,-38,-147,-57,-169,-74,-189,-11,-98,-4,-142,-9,-170,-16,-195,-1,-81,15,-113,19,-135,19,-156
3,0,0,-41,-18,-69,-47,-93,-62,-108,-75,-43,-99,-68,-118,-83,-100,-89,-80,-32,-106,-46,-149,-66,-172,-85,-191,-17,-102,-16,-149,-25,-177,-36,-200,-5,-89,8,-124,11,-150,9,-174
3,0,0,-37,-22,-67,-49,-95,-64,-109,-82,-36,-104,-59,-119,-76,-100,-82,-78,-21,-111,-33,-156,-50,-182,-63,-206,-2,-106,1,-156,-4,-184,-10,-209,16,-89,32,-124,37,-149,38,-172
3,0,0,-39,-23,-68,-53,-91,-74,-93,-96,-35,-106,-58,-130,-76,-114,-82,-92,-16,-115,-25,-161,-38,-188,-49,-212,7,-111,11,-161,7,-191,3,-215,28,-95,43,-130,49,-155,53,-177
3,0,0,-38,-22,-66,-50,-86,-71,-88,-93,-30,-102,-52,-126,-70,-112,-76,-92,-11,-112,-21,-155,-34,-181,-46,-203,11,-109,15,-155,10,-184,4,-209,30,-95,48,-129,53,-154,53,-178
3,0,0,-45,-22,-83,-52,-112,-72,-113,-98,-46,-118,-75,-141,-96,-125,-104,-103,-25,-130,-44,-179,-60,-209,-73,-234,1,-128,-5,-179,-15,-211,-25,-240,27,-112,38,-152,40,-180,38,-207
3,0,0,-44,-22,-83,-52,-112,-75,-110,-103,-45,-120,-72,-144,-93,-128,-101,-106,-23,-131,-40,-181,-55,-211,-67,-237,4,-128,0,-180,-9,-213,-18,-242,30,-111,42,-151,44,-180,44,-207
3,0,0,-45,-21,-83,-51,-112,-73,-113,-100,-47,-120,-74,-142,-94,-126,-102,-105,-25,-132,-41,-181,-57,-210,-69,-235,2,-129,-3,-180,-12,-213,-21,-242,29,-112,39,-152,42,-180,41,-207
3,0,0,-45,-21,-83,-51,-113,-73,-114,-100,-47,-121,-75,-143,-95,-127,-102,-104,-25,-133,-43,-182,-58,-211,-70,-236,2,-130,-4,-181,-13,-213,-22,-243,28,-113,39,-152,41,-180,41,-207
3,0,0,-46,-21,-85,-51,-115,-73,-116,-100,-49,-121,-77,-143,-97,-127,-105,-105,-27,-133,-45,-182,-60,-211,-73,-237,0,-130,-6,-181,-15,-214,-25,-243,27,-114,37,-153,39,-181,39,-208
3,0,0,-46,-23,-85,-53,-113,-76,-113,-105,-47,-121,-74,-144,-96,-128,-105,-105,-24,-133,-40,-181,-56,-210,-70,-236,4,-130,-2,-182,-11,-214,-20,-243,30,-114,41,-153,44,-181,44,-207
3,0,0,-44,-21,-82,-49,-112,-69,-116,-93,-48,-118,-77,-139,-97,-119,-104,-97,-25,-131,-44,-179,-62,-209,-77,-235,3,-129,-2,-181,-11,-213,-22,-241,30,-112,43,-153,48,-181,48,-207
3,0,0,-46,-15,-88,-36,-120,-50,-129,-69,-66,-107,-98,-123,-114,-99,-119,-75,-44,-123,-69,-169,-90,-196,-108,-219,-17,-125,-29,-177,-41,-207,-54,-234,11,-112,18,-153,19,-180,16,-206
3,0,0,-46,-6,-87,-19,-118,-23,-137,-36,-80,-94,-115,-100,-126,-73,-124,-49,-64,-111,-96,-151,-120,-175,-141,-198,-38,-116,-58,-165,-74,-195,-91,-222,-8,-107,-7,-147,-11,-176,-18,-201
3,0,0,-44,-1,-85,-4,-116,0,-139,-6,-94,-75,-129,-71,-134,-41,-128,-17,-82,-93,-122,-125,-151,-141,-176,-155,-58,-100,-87,-146,-109,-171,-130,-193,-29,-94,-32,-135,-41,-162,-53,-186
3,0,0,-45,8,-84,12,-110,23,-134,33,-104,-45,-139,-37,-136,-5,-126,18,-94,-59,-144,-78,-177,-82,-206,-88,-73,-66,-110,-102,-138,-120,-166,-136,-45,-64,-56,-102,-70,-126,-87,-145
3,0,0,-44,9,-83,13,-110,26,-135,34,-104,-43,-142,-34,-140,-5,-130,17,-95,-58,-143,-74,-175,-78,-204,-82,-74,-65,-112,-101,-139,-118,-166,-133,-46,-63,-56,-99,-70,-122,-88,-143
3,0,0,-45,-2,-85,-8,-116,-4,-141,-7,-92,-74,-129,-74,-136,-46,-132,-22,-81,-91,-119,-122,-149,-138,-175,-150,-59,-97,-87,-141,-110,-166,-133,-188,-32,-90,-35,-131,-45,-159,-57,-183
3,0,0,-43,-17,-79,-39,-111,-52,-128,-72,-57,-105,-88,-120,-108,-102,-114,-81,-41,-119,-64,-163,-85,-191,-102,-216,-18,-120,-28,-172,-42,-204,-56,-231,6,-109,13,-150,12,-179,9,-206
3,0,0,-32,-34,-54,-76,-75,-105,-78,-133,1,-117,-19,-143,-46,-141,-64,-128,19,-124,17,-172,6,-204,-5,-229,39,-120,51,-170,49,-202,44,-229,53,-103,76,-137,86,-163,92,-188
3,0,0,-23,-40,-31,-85,-42,-119,-40,-147,33,-112,21,-143,-3,-147,-22,-141,53,-112,64,-158,63,-191,61,-220,71,-100,97,-143,106,-172,111,-200,81,-79,113,-103,131,-122,146,-143
3,0,0,-12,-41,-7,-86,-5,-121,4,-149,57,-92,56,-124,37,-137,20,-138,79,-88,101,-127,109,-156,115,-180,94,-73,128,-103,144,-128,158,-151,100,-50,135,-64,156,-77,174,-92
3,0,0,-10,-40,-2,-83,6,-120,24,-144,62,-81,65,-111,52,-127,38,-130,84,-74,110,-108,124,-134,135,-156,99,-56,134,-79,152,-100,168,-119,104,-32,139,-37,161,-47,180,-58
3,0,0,-8,-44,1,-87,11,-123,31,-147,67,-79,73,-109,59,-124,43,-127,89,-70,116,-103,130,-130,142,-153,102,-52,138,-74,158,-94,174,-114,105,-29,140,-32,163,-41,183,-51
3,0,0,-11,-40,-4,-83,3,-118,18,-141,63,-81,63,-111,46,-123,29,-124,85,-75,109,-111,121,-138,131,-162,99,-58,136,-82,154,-102,169,-123,102,-36,140,-42,164,-52,183,-65
3,0,0,-29,-33,-47,-76,-60,-110,-58,-137,13,-111,-2,-141,-25,-140,-42,-128,38,-114,43,-161,41,-192,39,-219,58,-103,82,-147,91,-176,99,-202,71,-83,102,-109,121,-128,137,-147
3,0,0,-35,-28,-60,-64,-84,-91,-94,-117,-14,-114,-38,-139,-61,-130,-74,-115,9,-122,1,-169,-8,-201,-15,-230,33,-115,43,-164,45,-196,47,-225,53,-95,75,-128,89,-151,101,-175
3,0,0,-39,-24,-70,-54,-96,-75,-112,-97,-31,-113,-56,-136,-79,-126,-94,-110,-8,-123,-21,-169,-36,-196,-51,-221,18,-118,20,-170,15,-201,9,-230,42,-100,60,-137,70,-163,77,-188
3,0,0,-41,-20,-75,-48,-102,-66,-114,-89,-40,-111,-71,-128,-94,-116,-107,-101,-18,-124,-35,-169,-55,-196,-74,-218,9,-121,7,-174,-3,-205,-12,-233,34,-104,51,-142,59,-169,64,-196
3,0,0,-45,-18,-85,-44,-115,-61,-128,-84,-53,-116,-86,-133,-108,-119,-120,-100,-30,-131,-50,-177,-71,-204,-92,-224,-1,-131,-8,-184,-21,-216,-34,-243,28,-114,45,-154,50,-183,52,-211
3,0,0,-46,-17,-88,-43,-121,-60,-133,-85,-58,-118,-93,-134,-114,-117,-125,-98,-34,-134,-55,-182,-78,-208,-99,-228,-4,-134,-12,-187,-24,-220,-38,-250,25,-117,41,-159,47,-189,49,-218
3,0,0,-48,-16,-93,-42,-128,-58,-138,-86,-65,-124,-101,-142,-123,-124,-134,-102,-40,-141,-61,-192,-84,-217,-108,-234,-7,-142,-16,-198,-32,-231,-49,-259,26,-125,41,-170,46,-202,45,-232
3,0,0,-47,-22,-86,-50,-118,-68,-132,-87,-59,-119,-91,-136,-112,-121,-125,-101,-37,-134,-56,-185,-78,-210,-99,-228,-9,-135,-16,-190,-29,-223,-43,-251,19,-120,36,-161,42,-191,43,-219
3,0,0,-42,-19,-77,-46,-106,-64,-120,-83,-50,-112,-80,-128,-101,-114,-114,-97,-30,-125,-49,-172,-68,-198,-88,-218,-5,-125,-11,-177,-20,-209,-32,-236,20,-110,35,-150,41,-179,43,-206
3,0,0,-39,-19,-72,-47,-101,-65,-118,-87,-44,-110,-74,-126,-96,-114,-109,-98,-26,-122,-43,-167,-64,-192,-84,-211,-2,-122,-7,-170,-18,-201,-31,-227,20,-107,34,-145,40,-172,42,-198
3,0,0,-39,-19,-73,-44,-99,-61,-111,-82,-42,-103,-70,-117,-92,-106,-105,-91,-26,-114,-40,-156,-61,-177,-82,-193,-5,-113,-7,-160,-20,-187,-34,-210,15,-100,30,-136,34,-161,35,-186
3,0,0,-39,-17,-73,-41,-100,-57,-110,-78,-44,-101,-71,-117,-92,-107,-104,-92,-27,-112,-41,-154,-61,-173,-82,-185,-6,-111,-9,-157,-23,-182,-38,-203,14,-98,29,-133,33,-159,33,-183
3,0,0,-38,-17,-72,-41,-99,-57,-110,-78,-42,-102,-70,-117,-92,-106,-105,-91,-25,-113,-39,-154,-60,-174,-80,-187,-4,-112,-8,-158,-23,-184,-37,-205,16,-99,32,-134,36,-160,37,-184
3,0,0,-39,-17,-73,-41,-100,-56,-113,-77,-44,-104,-73,-118,-95,-106,-108,-90,-27,-115,-40,-158,-61,-178,-82,-190,-5,-114,-9,-161,-23,-187,-39,-208,15,-100,31,-136,35,-162,36,-187
3,0,0,-41,-13,-77,-32,-106,-42,-123,-58,-57,-98,-87,-108,-106,-93,-116,-75,-42,-111,-63,-153,-88,-169,-111,-179,-21,-113,-32,-161,-50,-185,-68,-204,0,-102,10,-141,10,-168,6,-192
3,0,0,-44,-11,-82,-32,-112,-43,-132,-56,-64,-101,-95,-111,-114,-93,-125,-73,-50,-114,-73,-155,-99,-172,-126,-183,-31,-117,-43,-164,-61,-188,-80,-207,-9,-106,-1,-146,-3,-172,-10,-196
3,0,0,-45,-11,-79,-31,-109,-42,-133,-54,-62,-98,-95,-103,-117,-87,-130,-69,-51,-113,-72,-155,-100,-173,-127,-184,-34,-116,-46,-165,-65,-190,-85,-209,-17,-106,-9,-146,-12,-173,-20,-197
3,0,0,-41,-14,-74,-33,-104,-43,-129,-52,-57,-97,-90,-103,-113,-89,-126,-72,-46,-110,-68,-153,-97,-170,-124,-180,-30,-112,-40,-164,-61,-189,-82,-208,-13,-104,-4,-144,-7,-172,-14,-196
3,0,0,-42,-17,-79,-41,-110,-54,-129,-72,-57,-105,-90,-118,-112,-104,-124,-86,-43,-119,-65,-162,-91,-182,-115,-194,-21,-121,-31,-170,-49,-197,-68,-219,1,-110,13,-150,12,-178,8,-203
3,0,0,-45,-17,-83,-39,-112,-53,-122,-74,-57,-103,-89,-118,-110,-105,-121,-87,-39,-117,-58,-160,-81,-180,-104,-193,-15,-119,-24,-167,-39,-194,-56,-217,9,-108,21,-146,23,-173,20,-198
3,0,0,-41,-18,-76,-44,-101,-60,-107,-80,-46,-104,-74,-122,-94,-109,-104,-90,-24,-118,-38,-159,-55,-182,-73,-200,1,-117,-4,-162,-14,-191,-27,-215,25,-102,39,-136,43,-163,45,-189
3,0,0,-40,-21,-73,-48,-99,-64,-105,-85,-42,-108,-68,-125,-87,-112,-98,-94,-19,-120,-30,-162,-46,-185,-63,-201,6,-118,4,-162,-4,-191,-16,-214,28,-102,45,-135,51,-161,53,-184
3,0,0,-38,-23,-68,-51,-90,-70,-94,-90,-30,-110,-55,-130,-76,-117,-89,-100,-7,-119,-14,-164,-30,-186,-48,-200,17,-115,22,-161,14,-189,3,-213,38,-98,58,-131,65,-155,68,-179
3,0,0,-40,-25,-71,-54,-96,-72,-103,-92,-34,-113,-60,-133,-82,-121,-97,-105,-14,-122,-22,-166,-41,-189,-61,-205,8,-117,11,-165,2,-194,-10,-218,28,-100,47,-134,51,-161,51,-186
3,0,0,-38,-26,-69,-53,-96,-70,-108,-91,-32,-113,-59,-132,-82,-122,-97,-106,-14,-122,-22,-168,-42,-189,-64,-203,6,-117,11,-166,-1,-194,-16,-216,24,-101,43,-135,47,-162,47,-186
3,0,0,-37,-25,-67,-53,-92,-71,-107,-91,-29,-111,-56,-128,-78,-116,-92,-100,-14,-119,-24,-167,-45,-189,-67,-203,5,-115,9,-165,-3,-194,-17,-217,21,-99,40,-135,44,-162,42,-187
3,0,0,-36,-26,-65,-54,-91,-71,-105,-92,-23,-114,-53,-127,-77,-114,-93,-99,-8,-120,-17,-167,-37,-189,-59,-204,8,-114,11,-165,0,-193,-14,-216,21,-98,38,-132,41,-157,38,-183
3,0,0,-37,-25,-64,-55,-88,-74,-102,-93,-26,-112,-53,-128,-79,-117,-97,-101,-11,-119,-17,-166,-37,-191,-58,-209,5,-115,10,-166,-2,-196,-16,-219,20,-101,38,-136,41,-163,38,-188
3,0,0,-38,-25,-68,-52,-98,-71,-117,-95,-27,-111,-64,-125,-92,-114,-107,-98,-15,-120,-29,-168,-53,-191,-76,-204,-1,-116,-1,-171,-16,-201,-33,-222,9,-102,24,-142,24,-170,19,-195
3,0,0,-39,-27,-71,-54,-99,-71,-117,-89,-34,-115,-63,-129,-85,-113,-99,-94,-18,-123,-35,-171,-57,-193,-80,-208,1,-118,-4,-170,-18,-198,-34,-220,19,-101,31,-138,30,-164,26,-188
3,0,0,-43,-25,-81,-54,-109,-74,-113,-96,-47,-115,-75,-136,-97,-122,-110,-105,-25,-126,-39,-171,-59,-196,-79,-214,1,-123,-3,-172,-15,-200,-28,-223,25,-107,39,-144,44,-171,45,-194
3,0,0,-46,-25,-83,-53,-108,-75,-110,-98,-50,-112,-76,-135,-96,-124,-107,-106,-28,-124,-42,-170,-59,-193,-77,-211,-3,-124,-8,-172,-18,-201,-30,-225,21,-110,34,-148,38,-174,38,-199
3,0,0,-43,-20,-79,-47,-104,-68,-106,-92,-44,-107,-68,-129,-88,-122,-100,-107,-23,-119,-36,-163,-53,-187,-70,-203,2,-119,-3,-165,-15,-193,-28,-216,26,-105,38,-142,41,-168,40,-193
3,0,0,-42,-21,-78,-49,-103,-71,-102,-95,-45,-109,-67,-134,-85,-127,-97,-111,-23,-121,-34,-165,-51,-189,-68,-205,3,-120,-1,-167,-13,-195,-27,-218,28,-107,40,-144,41,-170,39,-193
3,0,0,-45,-23,-80,-54,-103,-76,-106,-98,-41,-118,-67,-142,-89,-127,-103,-107,-17,-127,-28,-172,-49,-194,-70,-211,9,-123,6,-172,-6,-200,-21,-221,32,-106,46,-142,48,-168,45,-193
3,0,0,-45,-27,-76,-59,-103,-78,-123,-94,-44,-122,-76,-140,-97,-122,-109,-103,-25,-131,-40,-177,-62,-200,-85,-213,-2,-127,-5,-178,-19,-206,-36,-226,20,-112,35,-149,33,-176,23,-198
3,0,0,-40,-29,-71,-60,-97,-79,-112,-97,-34,-121,-64,-143,-88,-125,-104,-105,-19,-126,-34,-171,-55,-192,-77,-209,1,-120,-1,-169,-14,-197,-31,-221,19,-102,35,-138,35,-164,29,-190
3,0,0,-45,-34,-73,-64,-99,-84,-118,-106,-38,-125,-72,-145,-99,-134,-116,-120,-26,-135,-45,-178,-71,-200,-96,-218,-11,-133,-16,-181,-31,-210,-49,-233,3,-121,15,-158,11,-187,3,-213
3,0,0,-41,-23,-72,-51,-100,-67,-120,-88,-40,-110,-68,-129,-94,-118,-110,-102,-30,-119,-46,-164,-71,-185,-94,-198,-16,-120,-24,-172,-42,-198,-60,-216,-4,-111,2,-152,-2,-180,-11,-204
3,0,0,-39,-24,-73,-52,-99,-71,-114,-90,-33,-114,-62,-136,-84,-121,-98,-103,-18,-123,-39,-167,-64,-188,-86,-204,3,-120,-6,-171,-24,-198,-42,-219,22,-104,33,-142,31,-168,24,-191
3,0,0,-40,-27,-77,-61,-105,-84,-109,-105,-32,-122,-60,-149,-84,-136,-100,-116,-9,-131,-25,-178,-46,-201,-66,-218,16,-127,11,-176,-4,-204,-20,-227,40,-110,53,-147,51,-173,44,-197
3,0,0,-46,-26,-84,-60,-113,-84,-111,-108,-37,-123,-60,-154,-83,-140,-99,-119,-14,-133,-25,-181,-44,-206,-61,-225,10,-129,8,-180,-3,-207,-14,-228,30,-113,44,-150,48,-175,51,-198
